Date,Expiry,Tenor,Strike,Vols,Forward Swap Rate,Numerical Strike,alpha,rho,volvol,sabrvol,rhol1,volvoll1,Forward Swap Ratel1,rhol2,volvoll2,Forward Swap Ratel2,rholrm2,volvollrm2,Forward Swap Ratelrm2,hour,dayofweek,quarter,month,year,dayofyear,dayofmonth,weekofyear,alphal1,alphal2,alphalrm2,alphal3,pre,prer,prev,vol
2022-08-29,1.5,15.0,atm-1.0%,0.3189308298008222,2.6623488142113167,2.6357253260692035,0.0042043010774575,0.0709983245788442,0.3889033574079645,0.3223213379102325,,,,,,,,,,0,0,3,8,2022,241,29,35,,,,,0.005353924,0.024649952,0.33544883,0.33273814108710126
2022-08-30,1.5,15.0,atm-1.0%,0.3160931584798749,2.6475005966513936,2.62102559068488,0.0041402336922247,0.0714059513590787,0.3890686393366158,0.319507011863727,0.0709983245788442,0.3889033574079645,2.6623488142113167,,,,,,,0,1,3,8,2022,242,30,35,0.0042043010774575,,,,0.0066465754,0.08478817,0.3949845,0.41637942391301985
2022-08-31,1.5,15.0,atm-1.0%,0.3242227446429879,2.676254020318432,2.649491480115248,0.0042161957293221,0.0574810451671973,0.3993452937170151,0.3270868340281986,0.0714059513590787,0.3890686393366158,2.6475005966513936,0.0709983245788442,0.3889033574079645,2.6623488142113167,0.07120213796896145,0.38898599837229014,2.6549247054313554,0,2,3,8,2022,243,31,35,0.0041402336922247,0.0042043010774575,0.0041722673848411,,0.007283837,0.101217344,0.39490604,0.45380354456059774
2022-09-02,1.5,15.0,atm-1.0%,0.3255131252746351,2.7518428409846902,2.724324412574844,0.0042868501483445,0.0555098615317345,0.4005336033329767,0.3282928954379918,0.0574810451671973,0.3993452937170151,2.676254020318432,0.0714059513590787,0.3890686393366158,2.6475005966513936,0.064443498263138,0.3942069665268154,2.6618773084849128,0,4,3,9,2022,245,2,35,0.0042161957293221,0.0041402336922247,0.0041782147107734,0.0042043010774575,0.007543436,0.07077864,0.40374386,0.4639412767134401
2022-09-06,1.5,15.0,atm-1.0%,0.3225237672087928,2.85701994941792,2.828449749923741,0.0041663704634772,0.0372269423659341,0.4154808090127884,0.3245413182525736,0.0555098615317345,0.4005336033329767,2.7518428409846902,0.0574810451671973,0.3993452937170151,2.676254020318432,0.0564954533494659,0.3999394485249959,2.714048430651561,0,1,3,9,2022,249,6,36,0.0042868501483445,0.0042161957293221,0.0042515229388333,0.0041402336922247,0.00757359,0.07077864,0.40374386,0.45714148635975493
2022-09-07,1.5,15.0,atm-1.0%,0.3214296656558069,2.7898909791694395,2.761992069377745,0.0041097322219907,0.0389862682815893,0.4141134949852726,0.323526376539317,0.0372269423659341,0.4154808090127884,2.85701994941792,0.0555098615317345,0.4005336033329767,2.7518428409846902,0.0463684019488343,0.40800720617288255,2.804431395201305,0,2,3,9,2022,250,7,36,0.0041663704634772,0.0042868501483445,0.00422661030591085,0.0042161957293221,0.007543436,0.05818598,0.40837574,0.46099860870219844
2022-09-08,1.5,15.0,atm-1.0%,0.3144283659634102,2.8140474464965792,2.785906972031613,0.0040824247244061,0.0508902014904669,0.4051284520868667,0.317042312105155,0.0389862682815893,0.4141134949852726,2.7898909791694395,0.0372269423659341,0.4154808090127884,2.85701994941792,0.0381066053237617,0.4147971519990305,2.82345546429368,0,3,3,9,2022,251,8,36,0.0041097322219907,0.0041663704634772,0.00413805134273395,0.0042868501483445,0.0075144586,0.05322219,0.41535395,0.45757997332721845
2022-09-09,1.5,15.0,atm-1.0%,0.3140934414451546,2.824384876163752,2.7961410274021143,0.004102501730652,0.0532524505102635,0.4030776376598381,0.3168027462254855,0.0508902014904669,0.4051284520868667,2.8140474464965792,0.0389862682815893,0.4141134949852726,2.7898909791694395,0.0449382348860281,0.40962097353606963,2.8019692128330096,0,4,3,9,2022,252,9,36,0.0040824247244061,0.0041097322219907,0.0040960784731984,0.0041663704634772,0.0075144586,0.06478489,0.40575442,0.45628585818800227
2022-09-12,1.5,15.0,atm-1.0%,0.310066334831777,2.869068814825752,2.8403781266774946,0.0040994668707925,0.0593204330355311,0.3989584284682171,0.3130299618600717,0.0532524505102635,0.4030776376598381,2.824384876163752,0.0508902014904669,0.4051284520868667,2.8140474464965792,0.052071326000365195,0.4041030448733524,2.8192161613301656,0,0,3,9,2022,255,12,37,0.004102501730652,0.0040824247244061,0.0040924632275290505,0.0041097322219907,0.0075144586,0.07077864,0.40374386,0.45261879500363744
2022-09-13,1.5,15.0,atm-1.0%,0.3050447150881035,2.8630081997130645,2.834378117715934,0.0040159299363494,0.0620209028404571,0.3972030649701339,0.3081185515034924,0.0593204330355311,0.3989584284682171,2.869068814825752,0.0532524505102635,0.4030776376598381,2.824384876163752,0.056286441772897294,0.4010180330640276,2.846726845494752,0,1,3,9,2022,256,13,37,0.0040994668707925,0.004102501730652,0.00410098430072225,0.0040824247244061,0.0075144586,0.07335773,0.40374386,0.4530929598476151
2022-09-14,1.5,15.0,atm-1.0%,0.30294957425561,2.834589740814864,2.8062438434067154,0.004068208213933,0.077926602729433,0.3858470033676718,0.3066259453678613,0.0620209028404571,0.3972030649701339,2.8630081997130645,0.0593204330355311,0.3989584284682171,2.869068814825752,0.0606706679379941,0.3980807467191755,2.8660385072694083,0,2,3,9,2022,257,14,37,0.0040159299363494,0.0040994668707925,0.0040576984035709494,0.004102501730652,0.007474255,0.07377254,0.40164548,0.452828458885801
2022-09-15,1.5,15.0,atm-1.0%,0.303243774888728,2.856958462851505,2.82838887822299,0.0041091936741238,0.0807686940961373,0.3839699135258157,0.3070221699442935,0.077926602729433,0.3858470033676718,2.834589740814864,0.0620209028404571,0.3972030649701339,2.8630081997130645,0.06997375278494505,0.39152503416890283,2.8487989702639642,0,3,3,9,2022,258,15,37,0.004068208213933,0.0040159299363494,0.004042069075141199,0.0040994668707925,0.0075085335,0.08050749,0.39507678,0.45281995929144736
2022-09-16,1.5,15.0,atm-1.0%,0.3017184964160941,2.870136808084728,2.8414354400038806,0.0041067151289955,0.0833246644044552,0.3822716529234345,0.3056155625265614,0.0807686940961373,0.3839699135258157,2.856958462851505,0.077926602729433,0.3858470033676718,2.834589740814864,0.07934764841278513,0.38490845844674376,2.845774101833184,0,4,3,9,2022,259,16,37,0.0041091936741238,0.004068208213933,0.0040887009440283995,0.0040159299363494,0.0075144586,0.08237072,0.39507678,0.45213201125158314
2022-09-20,1.5,15.0,atm-1.0%,0.3048898061224447,2.950452252614758,2.9209477300886104,0.0040941814260972,0.0653178072389916,0.395469795276381,0.3080889840251508,0.0833246644044552,0.3822716529234345,2.870136808084728,0.0807686940961373,0.3839699135258157,2.856958462851505,0.08204667925029624,0.3831207832246251,2.8635476354681164,0,1,3,9,2022,263,20,38,0.0041067151289955,0.0041091936741238,0.004107954401559651,0.004068208213933,0.0075144586,0.08237072,0.39252546,0.4458267118367862
2022-09-21,1.5,15.0,atm-1.0%,0.3092606116523529,2.8836385072320767,2.854802122159756,0.0040951971037791,0.059959860877416,0.3991022882630866,0.312239259551445,0.0653178072389916,0.395469795276381,2.950452252614758,0.0833246644044552,0.3822716529234345,2.870136808084728,0.0743212358217234,0.38887072409990775,2.910294530349743,0,2,3,9,2022,264,21,38,0.0040941814260972,0.0041067151289955,0.00410044827754635,0.0041091936741238,0.0075144586,0.07377254,0.40164548,0.4513756978726743
2022-09-22,1.5,15.0,atm-1.0%,0.3134702589980171,3.0050671388937533,2.975016467504816,0.0042534731651462,0.0585136636435733,0.4001160527063293,0.3163769494742056,0.059959860877416,0.3991022882630866,2.8836385072320767,0.0653178072389916,0.395469795276381,2.950452252614758,0.0626388340582038,0.3972860417697338,2.917045379923417,0,3,3,9,2022,265,22,38,0.0040951971037791,0.0040941814260972,0.00409468926493815,0.0041067151289955,0.0075144586,0.07335773,0.40374386,0.44225348414661925
2022-09-23,1.5,15.0,atm-1.0%,0.3177771790277905,2.952479537694927,2.922954742317978,0.0042887311126451,0.0565527779303641,0.4010901699633383,0.3205954120786172,0.0585136636435733,0.4001160527063293,3.0050671388937533,0.059959860877416,0.3991022882630866,2.8836385072320767,0.05923676226049464,0.3996091704847079,2.944352823062915,0,4,3,9,2022,266,23,38,0.0042534731651462,0.0040951971037791,0.004174335134462651,0.0040941814260972,0.0075485636,0.07077864,0.40374386,0.4482044265939183
2022-09-26,1.5,15.0,atm-1.0%,0.317697899267422,3.057307170046091,3.02673409834563,0.0043254706584086,0.0520455876575782,0.404879057651259,0.32033045279775,0.0565527779303641,0.4010901699633383,2.952479537694927,0.0585136636435733,0.4001160527063293,3.0050671388937533,0.057533220786968695,0.4006031113348338,2.9787733382943404,0,0,3,9,2022,269,26,39,0.0042887311126451,0.0042534731651462,0.004271102138895651,0.0040951971037791,0.007584714,0.0721938,0.40374386,0.44256021416884456
2022-09-27,1.5,15.0,atm-1.0%,0.3191491828348506,3.1382801651896948,3.1068973635377977,0.0044089696098895,0.051668721435884,0.4051397706220292,0.3217657703890509,0.0520455876575782,0.404879057651259,3.057307170046091,0.0565527779303641,0.4010901699633383,2.952479537694927,0.05429918279397114,0.40298461380729866,3.004893353870509,0,1,3,9,2022,270,27,39,0.0043254706584086,0.0042887311126451,0.00430710088552685,0.0042534731651462,0.007584714,0.066934064,0.40522963,0.43688613711188345
2022-09-28,1.5,15.0,atm-1.0%,0.3208397460829225,3.0226834212659206,2.9924565870532613,0.0043273507713765,0.0472264536514619,0.4083148461032058,0.3232739977270646,0.051668721435884,0.4051397706220292,3.1382801651896948,0.0520455876575782,0.404879057651259,3.057307170046091,0.051857154546731093,0.4050094141366441,3.0977936676178928,0,2,3,9,2022,271,28,39,0.0044089696098895,0.0043254706584086,0.004367220134149049,0.0042887311126451,0.007584714,0.0655189,0.40522963,0.4451641937388371
2022-09-29,1.5,15.0,atm-1.0%,0.3164449759823306,3.0337938815297663,3.0034559427144685,0.0041362891689907,0.0326495140892587,0.4190074183829442,0.3182656761411019,0.0472264536514619,0.4083148461032058,3.0226834212659206,0.051668721435884,0.4051397706220292,3.1382801651896948,0.04944758754367294,0.4067273083626175,3.0804817932278077,0,3,3,9,2022,272,29,39,0.0043273507713765,0.0044089696098895,0.004368160190633,0.0043254706584086,0.007584714,0.0655189,0.40575442,0.44437130990777773
2022-09-30,1.5,15.0,atm-1.0%,0.3174792643801437,3.09923164116958,3.068239324757884,0.0042057501742005,0.0333681346485502,0.4186840941594592,0.3193270757921138,0.0326495140892587,0.4190074183829442,3.0337938815297663,0.0472264536514619,0.4083148461032058,3.0226834212659206,0.039937983870360294,0.413661132243075,3.028238651397843,0,4,3,9,2022,273,30,39,0.0041362891689907,0.0043273507713765,0.0042318199701836,0.0044089696098895,0.007543436,0.054637346,0.42015904,0.43791254801988905
2022-10-03,1.5,15.0,atm-1.0%,0.3215904143777724,2.9877234138294857,2.957846179691191,0.0041609900065613,-0.0035828856115995,0.4229454099681467,0.3268221808768965,0.0333681346485502,0.4186840941594592,3.09923164116958,0.0326495140892587,0.4190074183829442,3.0337938815297663,0.03300882436890444,0.4188457562712017,3.0665127613496734,0,0,4,10,2022,276,3,40,0.0042057501742005,0.0041362891689907,0.0041710196715956,0.0043273507713765,0.007543436,0.05322219,0.4228568,0.44613534173666175
2022-10-04,1.5,15.0,atm-1.0%,0.3219678171486563,2.922413617723937,2.8931894815466976,0.0040533122509728,-0.0027174398561322,0.4298239240295761,0.325586707697168,-0.0035828856115995,0.4229454099681467,2.9877234138294857,0.0333681346485502,0.4186840941594592,3.09923164116958,0.014892624518475343,0.4208147520638029,3.043477527499533,0,1,4,10,2022,277,4,40,0.0041609900065613,0.0042057501742005,0.0041833700903808994,0.0041362891689907,0.007543436,0.012917984,0.42598042,0.4512724241924186
2022-10-05,1.5,15.0,atm-1.0%,0.3225089015501164,3.055175661793537,3.0246239051756016,0.0041107706827613,0.012129339021347,0.4342338910697101,0.3233797770594221,-0.0027174398561322,0.4298239240295761,2.922413617723937,-0.0035828856115995,0.4229454099681467,2.9877234138294857,-0.0031501627338658567,0.4263846669988614,2.9550685157767114,0,2,4,10,2022,278,5,40,0.0040533122509728,0.0041609900065613,0.00410715112876705,0.0042057501742005,0.0075085335,0.014333146,0.430754,0.4395356017512989
2022-10-06,1.5,15.0,atm-1.0%,0.3224683856979012,3.083807559593923,3.0529694839979835,0.0041285454531058,0.0117854393212809,0.4341383473112222,0.3233215584218509,0.012129339021347,0.4342338910697101,3.055175661793537,-0.0027174398561322,0.4298239240295761,2.922413617723937,0.004705949582607393,0.43202890754964307,2.988794639758737,0,3,4,10,2022,279,6,40,0.0041107706827613,0.0040533122509728,0.00408204146686705,0.0041609900065613,0.0075144586,0.02445233,0.4349253,0.4380242722343451
2022-10-07,1.5,15.0,atm-1.0%,0.3220143625054658,3.112686547613443,3.081559682137309,0.0041497531148286,0.0133952957715136,0.433235576742799,0.3229435245390639,0.0117854393212809,0.4341383473112222,3.083807559593923,0.012129339021347,0.4342338910697101,3.055175661793537,0.011957389171313943,0.4341861191904661,3.06949161069373,0,4,4,10,2022,280,7,40,0.0041285454531058,0.0041107706827613,0.00411965806793355,0.0040533122509728,0.0075144586,0.014322797,0.4349253,0.4359919958691637
2022-10-11,1.5,15.0,atm-1.0%,0.3205674581205457,3.1643905905904983,3.132746684684593,0.0041685555900765,0.0149425150299156,0.431891895862343,0.3215776118590189,0.0133952957715136,0.433235576742799,3.112686547613443,0.0117854393212809,0.4341383473112222,3.083807559593923,0.012590367546397242,0.4336869620270106,3.098247053603683,0,1,4,10,2022,284,11,41,0.0041497531148286,0.0041285454531058,0.0041391492839672,0.0041107706827613,0.007543436,0.02445233,0.43020874,0.4338623217032973
2022-10-12,1.5,15.0,atm-1.0%,0.3168732412955226,3.157259981032513,3.125687381222188,0.0041674815073393,0.0246319830637675,0.4245031134035527,0.3183323360341143,0.0149425150299156,0.431891895862343,3.1643905905904983,0.0133952957715136,0.433235576742799,3.112686547613443,0.014168905400714592,0.432563736302571,3.1385385691019705,0,2,4,10,2022,285,12,41,0.0041685555900765,0.0041497531148286,0.00415915435245255,0.0041285454531058,0.007543436,0.02445233,0.43056035,0.4343680338004051
2022-10-14,1.5,15.0,atm-1.0%,0.315721767002284,3.18990162103367,3.1580026048233334,0.0041335600026131,0.0201841213121123,0.4272462374310721,0.316984866271121,0.0246319830637675,0.4245031134035527,3.157259981032513,0.0149425150299156,0.431891895862343,3.1643905905904983,0.019787249046841544,0.4281975046329478,3.1608252858115056,0,4,4,10,2022,287,14,41,0.0041674815073393,0.0041685555900765,0.004168018548707899,0.0041497531148286,0.007543436,0.025179036,0.42871088,0.43205563625419785
2022-10-17,1.5,15.0,atm-1.0%,0.3137641112225891,3.217166568745627,3.1849949030581706,0.0041440592260841,0.0246071427229169,0.4243741609254808,0.3152304876389408,0.0201841213121123,0.4272462374310721,3.18990162103367,0.0246319830637675,0.4245031134035527,3.157259981032513,0.022408052187939894,0.4258746754173124,3.1735808010330917,0,0,4,10,2022,290,17,42,0.0041335600026131,0.0041674815073393,0.0041505207549762,0.0041685555900765,0.007543436,0.02908472,0.4279756,0.4301853290162054
2022-10-18,1.5,15.0,atm-1.0%,0.313440949924029,3.213640904276416,3.181504495233652,0.004131653015678,0.024151582783401,0.424693660869873,0.3148870493803415,0.0246071427229169,0.4243741609254808,3.217166568745627,0.0201841213121123,0.4272462374310721,3.18990162103367,0.022395632017514593,0.42581019917827645,3.2035340948896485,0,1,4,10,2022,291,18,42,0.0041440592260841,0.0041335600026131,0.0041388096143486,0.0041674815073393,0.007543436,0.02908472,0.4279756,0.430421243481099
2022-10-19,1.5,15.0,atm-1.0%,0.3155310380398483,3.3201583295909463,3.286956746295037,0.0041943309464974,0.0180070181622013,0.4290826757224929,0.3167081876357389,0.024151582783401,0.424693660869873,3.213640904276416,0.0246071427229169,0.4243741609254808,3.217166568745627,0.024379362753158943,0.4245339108976769,3.2154037365110213,0,2,4,10,2022,292,19,42,0.004131653015678,0.0041440592260841,0.00413785612088105,0.0041335600026131,0.007543436,0.035098795,0.4277643,0.42344649367104203
2022-10-20,1.5,15.0,atm-1.0%,0.3128752736803284,3.416789188829255,3.3826212969409624,0.0042102276875994,0.0191608251361111,0.4279024879323581,0.3140908761664463,0.0180070181622013,0.4290826757224929,3.3201583295909463,0.024151582783401,0.424693660869873,3.213640904276416,0.021079300472801144,0.4268881682961829,3.266899616933681,0,3,4,10,2022,293,20,42,0.0041943309464974,0.004131653015678,0.0041629919810877,0.0041440592260841,0.007543436,0.025179036,0.42927605,0.417488781408191
2022-10-21,1.5,15.0,atm-1.0%,0.3134529318206088,3.4653148332799506,3.430661684947151,0.0042178172805927,-0.0020688884780882,0.430849272432238,0.3165119041354271,0.0191608251361111,0.4279024879323581,3.416789188829255,0.0180070181622013,0.4290826757224929,3.3201583295909463,0.018583921649156194,0.4284925818274255,3.368473759210101,0,4,4,10,2022,294,21,42,0.0042102276875994,0.0041943309464974,0.004202279317048399,0.004131653015678,0.007543436,0.02445233,0.42871088,0.4145312169787156
2022-10-24,1.5,15.0,atm-1.0%,0.3168377849222407,3.491552259994412,3.456636737394468,0.0042177413509193,-0.0011535837353524,0.4387625200181644,0.318052414461195,-0.0020688884780882,0.430849272432238,3.4653148332799506,0.0191608251361111,0.4279024879323581,3.416789188829255,0.008545968329011444,0.429375880182298,3.4410520110546026,0,0,4,10,2022,297,24,43,0.0042178172805927,0.0042102276875994,0.004214022484096049,0.0041943309464974,0.007543436,0.014333146,0.43056035,0.4130550733437323
2022-10-25,1.5,15.0,atm-1.0%,0.317462197563402,3.4037061923637,3.369669130440063,0.0041260901997674,-0.0005244746436582,0.443236948984232,0.3175125936245433,-0.0011535837353524,0.4387625200181644,3.491552259994412,-0.0020688884780882,0.430849272432238,3.4653148332799506,-0.001611236106720307,0.43480589622520116,3.4784335466371816,0,1,4,10,2022,298,25,43,0.0042177413509193,0.0042178172805927,0.004217779315756,0.0042102276875994,0.007543436,0.014343011,0.4380935,0.4186857781191532
2022-10-26,1.5,15.0,atm-1.0%,0.3184022441464646,3.308821197422464,3.275732985448239,0.0040454393702823,1.1959578180949044e-05,0.4469793392815381,0.3174901875091798,-0.0005244746436582,0.443236948984232,3.4037061923637,-0.0011535837353524,0.4387625200181644,3.491552259994412,-0.0008390291895053069,0.4409997345011982,3.447629226179056,0,2,4,10,2022,299,26,43,0.0041260901997674,0.0042177413509193,0.00417191577534335,0.0042178172805927,0.0075144586,0.014343011,0.4356186,0.42290370090841367
2022-10-27,1.5,15.0,atm-1.0%,0.3143312853436298,3.242549714559556,3.21012421741396,0.0039904953194129,-0.0009142138845265,0.4404760039965118,0.3149176001434822,1.1959578180949044e-05,0.4469793392815381,3.308821197422464,-0.0005244746436582,0.443236948984232,3.4037061923637,-0.0002562575327386324,0.445108144132885,3.356263694893082,0,3,4,10,2022,300,27,43,0.0040454393702823,0.0041260901997674,0.00408576478502485,0.0042177413509193,0.0075085335,0.014343011,0.43669498,0.426915615844441
2022-10-28,1.5,15.0,atm-1.0%,0.3137137725782295,3.294103336119584,3.2611623027583883,0.0040190482995469,-0.0010472267345437,0.4396581085527964,0.3145361407677797,-0.0009142138845265,0.4404760039965118,3.242549714559556,1.1959578180949044e-05,0.4469793392815381,3.308821197422464,-0.0004511271531727824,0.44372767163902493,3.27568545599101,0,4,4,10,2022,301,28,43,0.0039904953194129,0.0040454393702823,0.0040179673448476,0.0041260901997674,0.0074413675,0.014343011,0.4356186,0.4197247357464687
2022-10-31,1.5,15.0,atm-1.0%,0.3132726495923827,3.35767033996038,3.324093636560776,0.0040153561726824,-0.0005391306675928,0.4425581350027948,0.3133260249332317,-0.0010472267345437,0.4396581085527964,3.294103336119584,-0.0009142138845265,0.4404760039965118,3.242549714559556,-0.000980720309535107,0.44006705627465414,3.26832652533957,0,0,4,10,2022,304,31,44,0.0040190482995469,0.0039904953194129,0.0040047718094799005,0.0040454393702823,0.007474255,0.014343011,0.43544683,0.4175623655352877
2022-11-01,1.5,15.0,atm-1.0%,0.3177208143285778,3.3151649685334106,3.2820133188480765,0.0040765724991326,-0.0005926015390875,0.4434050282711456,0.3177903566009872,-0.0005391306675928,0.4425581350027948,3.35767033996038,-0.0010472267345437,0.4396581085527964,3.294103336119584,-0.0007931787010682569,0.44110812177779557,3.325886838039982,0,1,4,11,2022,305,1,44,0.0040153561726824,0.0040190482995469,0.00401720223611465,0.0039904953194129,0.007474255,0.014343011,0.4356186,0.4202384169406273
2022-11-02,1.5,15.0,atm-1.0%,0.317506732113641,3.3141849295417183,3.281043080246301,0.0040276384463765,5.405812896036289e-05,0.4471431546921361,0.3165144288612506,-0.0005926015390875,0.4434050282711456,3.3151649685334106,-0.0005391306675928,0.4425581350027948,3.35767033996038,-0.0005658661033401569,0.4429815816369702,3.3364176542468953,0,2,4,11,2022,306,2,44,0.0040765724991326,0.0040153561726824,0.004045964335907501,0.0040190482995469,0.0075085335,0.014343011,0.4356186,0.4222281562711438
2022-11-03,1.5,15.0,atm-1.0%,0.3186227791313043,3.3473215587670087,3.3138483431793384,0.0041055526377032,-0.0004062102894264,0.4443010603310661,0.3184879502015559,5.405812896036289e-05,0.4471431546921361,3.3141849295417183,-0.0005926015390875,0.4434050282711456,3.3151649685334106,-0.0002692717050635754,0.4452740914816409,3.314674949037564,0,3,4,11,2022,307,3,44,0.0040276384463765,0.0040765724991326,0.00405210547275455,0.0040153561726824,0.007474255,0.014343011,0.43764487,0.41830533056460195
2022-11-04,1.5,15.0,atm-1.0%,0.3181241048132992,3.406709824185445,3.3726427259435905,0.0041945759613957,-0.0023075316095415,0.4385321117094393,0.3194806428868743,-0.0004062102894264,0.4443010603310661,3.3473215587670087,5.405812896036289e-05,0.4471431546921361,3.3141849295417183,-0.00017607608023302538,0.44572210751160113,3.3307532441543635,0,4,4,11,2022,308,4,44,0.0041055526377032,0.0040276384463765,0.00406659554203985,0.0040765724991326,0.0075144586,0.013002963,0.43659812,0.41682733391264154
2022-11-07,1.5,15.0,atm-1.0%,0.3179963023855351,3.434166229643155,3.399824567346724,0.0042014045456843,-0.0010920183292012,0.4393811563755522,0.3191131611887359,-0.0023075316095415,0.4385321117094393,3.406709824185445,-0.0004062102894264,0.4443010603310661,3.3473215587670087,-0.0013568709494839568,0.4414165860202527,3.3770156914762266,0,0,4,11,2022,311,7,45,0.0041945759613957,0.0041055526377032,0.00415006429954945,0.0040276384463765,0.007543436,0.014343011,0.4384484,0.41684064818903854
2022-11-08,1.5,15.0,atm-1.0%,0.3118577159566477,3.361416604810287,3.327802438762184,0.0042306308525001,-0.0036663220358351,0.4208814258191812,0.3173751836304031,-0.0010920183292012,0.4393811563755522,3.434166229643155,-0.0023075316095415,0.4385321117094393,3.406709824185445,-0.0016997749693713569,0.43895663404249574,3.4204380269143,0,1,4,11,2022,312,8,45,0.0042014045456843,0.0041945759613957,0.00419799025354,0.0041055526377032,0.007543436,0.014343011,0.4384484,0.42132727347270976
2022-11-09,1.5,15.0,atm-1.0%,0.3145318697236477,3.404595507482639,3.370549552407813,0.0042189800652288,-0.0025406500840182,0.4294756985032942,0.3179843494880301,-0.0036663220358351,0.4208814258191812,3.361416604810287,-0.0010920183292012,0.4393811563755522,3.434166229643155,-0.0023791701825181567,0.4301312910973667,3.397791417226721,0,2,4,11,2022,313,9,45,0.0042306308525001,0.0042014045456843,0.0042160176990922,0.0041945759613957,0.007543436,0.014333146,0.427156,0.4181475721339296
2022-11-10,1.5,15.0,atm-1.0%,0.3140682170565707,3.174333220971472,3.142589888761757,0.0040613388622417,0.0162957236007762,0.4298371834642603,0.3151828937199342,-0.0025406500840182,0.4294756985032942,3.404595507482639,-0.0036663220358351,0.4208814258191812,3.361416604810287,-0.003103486059926657,0.4251785621612377,3.383006056146463,0,3,4,11,2022,314,10,45,0.0042189800652288,0.0042306308525001,0.00422480545886445,0.0042014045456843,0.007543436,0.014333146,0.42982507,0.43316915554729996
2022-11-14,1.5,15.0,atm-1.0%,0.3111471212180332,3.1745352402798384,3.14278988787704,0.0040230989685717,0.0187600508046657,0.4278079141104704,0.3123832848778418,0.0162957236007762,0.4298371834642603,3.174333220971472,-0.0025406500840182,0.4294756985032942,3.404595507482639,0.006877536758378993,0.42965644098377725,3.2894643642270553,0,0,4,11,2022,318,14,46,0.0040613388622417,0.0042189800652288,0.00414015946373525,0.0042306308525001,0.0075085335,0.02445233,0.43056035,0.43118024275536443
2022-11-15,1.5,15.0,atm-1.0%,0.3106106332803966,3.1126766872995177,3.0815499204265224,0.0039340143395635,0.0133401456066533,0.431262301067185,0.3116109118341114,0.0187600508046657,0.4278079141104704,3.1745352402798384,0.0162957236007762,0.4298371834642603,3.174333220971472,0.017527887202720943,0.42882254878736537,3.174434230625655,0,1,4,11,2022,319,15,46,0.0040230989685717,0.0040613388622417,0.0040422189154067,0.0042189800652288,0.007474255,0.02445233,0.42871088,0.4333716023280894
2022-11-16,1.5,15.0,atm-1.0%,0.3164449594717053,2.9884523163551378,2.958567793191586,0.0038132062634415,-0.0072853320854053,0.4459607983430861,0.3164563388828122,0.0133401456066533,0.431262301067185,3.1126766872995177,0.0187600508046657,0.4278079141104704,3.1745352402798384,0.01605009820565949,0.42953510758882774,3.1436059637896783,0,2,4,11,2022,320,16,46,0.0039340143395635,0.0040230989685717,0.0039785566540676,0.0040613388622417,0.007407279,0.02303717,0.43056035,0.4384097471638947
2022-11-17,1.5,15.0,atm-1.0%,0.3173139875375489,3.033252806881533,3.002920278812718,0.0038557359023115,-4.2836487508219165e-05,0.4463767659103619,0.3164222149391187,-0.0072853320854053,0.4459607983430861,2.9884523163551378,0.0133401456066533,0.431262301067185,3.1126766872995177,0.003027406760623993,0.43861154970513555,3.0505645018273277,0,3,4,11,2022,321,17,46,0.0038132062634415,0.0039340143395635,0.0038736103015025,0.0040230989685717,0.007312335,0.012298466,0.44369656,0.4301889324793675
2022-11-18,1.5,15.0,atm-1.0%,0.3166080791862314,3.0735282976766825,3.042793014699916,0.0038829338547148,-0.0002591423975594,0.4448769997449698,0.3160742099506816,-4.2836487508219165e-05,0.4463767659103619,3.033252806881533,-0.0072853320854053,0.4459607983430861,2.9884523163551378,-0.0036640842864567665,0.446168782126724,3.0108525616183357,0,4,4,11,2022,322,18,46,0.0038557359023115,0.0038132062634415,0.0038344710828765,0.0039340143395635,0.007317744,0.014343011,0.443844,0.42768344264591096
2022-11-21,1.5,15.0,atm-1.0%,0.3176590871956723,3.069856981101719,3.039158411290702,0.0039355880509567,-0.0008220686496728,0.4420987201582619,0.3180604361198405,-0.0002591423975594,0.4448769997449698,3.0735282976766825,-4.2836487508219165e-05,0.4463767659103619,3.033252806881533,-0.00015098944253381653,0.4456268828276658,3.053390552279108,0,0,4,11,2022,325,21,47,0.0038829338547148,0.0038557359023115,0.00386933487851315,0.0038132062634415,0.007337138,0.014343011,0.44259584,0.4290153550338613
2022-11-22,1.5,15.0,atm-1.0%,0.3180425765996006,2.97836794743166,2.948584267957344,0.0038666469322298,-0.0005918326913269,0.4437159826053012,0.3180230483605186,-0.0008220686496728,0.4420987201582619,3.069856981101719,-0.0002591423975594,0.4448769997449698,3.0735282976766825,-0.000540605523616107,0.4434878599516159,3.071692639389201,0,1,4,11,2022,326,22,47,0.0039355880509567,0.0038829338547148,0.00390926095283575,0.0038557359023115,0.0073433933,0.01292785,0.44276762,0.4359345746094087
2022-11-23,1.5,15.0,atm-1.0%,0.3214732919562773,2.926531256082581,2.897265943521756,0.0038767466650354,-0.0003069850964083,0.4460953523370142,0.3209801405862277,-0.0005918326913269,0.4437159826053012,2.97836794743166,-0.0008220686496728,0.4420987201582619,3.069856981101719,-0.0007069506704998568,0.44290735138178156,3.0241124642666897,0,2,4,11,2022,327,23,47,0.0038666469322298,0.0039355880509567,0.00390111749159325,0.0038829338547148,0.007324,0.01292785,0.44369656,0.4386610622510442
2022-11-25,1.5,15.0,atm-1.0%,0.3242192651081645,2.9277657695014105,2.8984881118063965,0.0038849249929694,0.0003779460216958,0.4505006750525567,0.322625712933347,-0.0003069850964083,0.4460953523370142,2.926531256082581,-0.0005918326913269,0.4437159826053012,2.97836794743166,-0.0004494088938676069,0.4449056674711577,2.9524496017571202,0,4,4,11,2022,329,25,47,0.0038767466650354,0.0038666469322298,0.0038716967986326,0.0039355880509567,0.007337138,0.01292785,0.44369656,0.43935530057351413
2022-11-28,1.5,15.0,atm-1.0%,0.3231676266277097,2.927143959883429,2.8978725202845945,0.0038401117409303,-0.0141200223404068,0.4527664512530109,0.3228051278364723,0.0003779460216958,0.4505006750525567,2.9277657695014105,-0.0003069850964083,0.4460953523370142,2.926531256082581,3.5480462643743064e-05,0.44829801369478545,2.927148512791996,0,0,4,11,2022,332,28,48,0.0038849249929694,0.0038767466650354,0.0038808358290024006,0.0038666469322298,0.007337138,0.010412486,0.44577023,0.4395013747607687
2022-11-29,1.5,15.0,atm-1.0%,0.323224963140209,2.9651624146599764,2.935510790513377,0.0038641512700326,0.0007827924753363,0.4529708380093416,0.3210029703266152,-0.0141200223404068,0.4527664512530109,2.927143959883429,0.0003779460216958,0.4505006750525567,2.9277657695014105,-0.0068710381593555065,0.4516335631527838,2.92745486469242,0,1,4,11,2022,333,29,48,0.0038401117409303,0.0038849249929694,0.0038625183669498504,0.0038767466650354,0.007317744,0.009072441,0.44769037,0.4356117874188827
2022-11-30,1.5,15.0,atm-1.0%,0.3232589746772137,2.969560571933495,2.9398649662141603,0.0038566934621127,0.0009707078809584,0.4539183345767728,0.3207427377562065,0.0007827924753363,0.4529708380093416,2.9651624146599764,-0.0141200223404068,0.4527664512530109,2.927143959883429,-0.006668614932535256,0.45286864463117626,2.946153187271703,0,2,4,11,2022,334,30,48,0.0038641512700326,0.0038401117409303,0.0038521315054814505,0.0038849249929694,0.007317744,0.009072441,0.44812924,0.4353099462282758
2022-12-01,1.5,15.0,atm-1.0%,0.3170294390836715,2.816779904951245,2.7886121059017324,0.0037305744746194,-0.0044903450537114,0.444477319690327,0.3171656381095222,0.0009707078809584,0.4539183345767728,2.969560571933495,0.0007827924753363,0.4529708380093416,2.9651624146599764,0.000876750178147343,0.4534445862930572,2.967361493296736,0,3,4,12,2022,335,1,48,0.0038566934621127,0.0038641512700326,0.0038604223660726506,0.0038401117409303,0.007317744,0.009072441,0.4548451,0.4472900946106342
2022-12-02,1.5,15.0,atm-1.0%,0.3195321343589516,2.7768907295174454,2.749121822222271,0.0037798097081096,0.00013183278238,0.442041432919862,0.3198709181077545,-0.0044903450537114,0.444477319690327,2.816779904951245,0.0009707078809584,0.4539183345767728,2.969560571933495,-0.0017598185863765068,0.4491978271335499,2.8931702384423703,0,4,4,12,2022,336,2,48,0.0037305744746194,0.0038566934621127,0.003793633968366051,0.0038641512700326,0.00723926,0.011587806,0.44467607,0.44516247064781583
2022-12-05,1.5,15.0,atm-1.0%,0.3180576769675245,2.843581919218487,2.8151461000263023,0.0037956037638893,-0.000254274180754,0.442038131966073,0.318382761798627,0.00013183278238,0.442041432919862,2.7768907295174454,-0.0044903450537114,0.444477319690327,2.816779904951245,-0.0021792561356657066,0.4432593763050945,2.796835317234345,0,0,4,12,2022,339,5,49,0.0037798097081096,0.0037305744746194,0.0037551920913645002,0.0038566934621127,0.0072673894,0.01292785,0.44352478,0.44156520389555365
2022-12-06,1.5,15.0,atm-1.0%,0.3177490868928664,2.741504057588609,2.7140890170127228,0.0037514946601201,-0.0013343455586772,0.439021554195798,0.3189067884526022,-0.000254274180754,0.442038131966073,2.843581919218487,0.00013183278238,0.442041432919862,2.7768907295174454,-6.122069918700694e-05,0.4420397824429675,2.810236324367966,0,1,4,12,2022,340,6,49,0.0037956037638893,0.0037798097081096,0.0037877067359994507,0.0037305744746194,0.0072673894,0.01292785,0.44369656,0.44971915203787965
2022-12-07,1.5,15.0,atm-1.0%,0.319172589126291,2.6737837031567664,2.6470458661251985,0.0037411761927094,-0.0015340328747815,0.438215229372479,0.3206457002239283,-0.0013343455586772,0.439021554195798,2.741504057588609,-0.000254274180754,0.442038131966073,2.843581919218487,-0.0007943098697156069,0.4405298430809355,2.792542988403548,0,2,4,12,2022,341,7,49,0.0037514946601201,0.0037956037638893,0.0037735492120047004,0.0037798097081096,0.0072673894,0.01292785,0.44145593,0.4552685438158401
2022-12-08,1.5,15.0,atm-1.0%,0.316259771459801,2.74035092767238,2.712947418395656,0.0037977242399928,-0.0023859953997935,0.4314776192737236,0.3192469034716447,-0.0015340328747815,0.438215229372479,2.6737837031567664,-0.0013343455586772,0.439021554195798,2.741504057588609,-0.001434189216729357,0.43861839178413853,2.7076438803726877,0,3,4,12,2022,342,8,49,0.0037411761927094,0.0037514946601201,0.0037463354264147502,0.0037956037638893,0.0072673894,0.01292785,0.44145593,0.4497049433437627
2022-12-09,1.5,15.0,atm-1.0%,0.3131541143728576,2.834933085584781,2.806583754728933,0.0037989663167656,-0.0022832896592206,0.4317267474758034,0.3159665679344991,-0.0023859953997935,0.4314776192737236,2.74035092767238,-0.0015340328747815,0.438215229372479,2.6737837031567664,-0.001960014137287507,0.4348464243231013,2.707067315414573,0,4,4,12,2022,343,9,49,0.0037977242399928,0.0037411761927094,0.0037694502163511004,0.0037514946601201,0.0072737294,0.012917984,0.4314893,0.44205546637240006
2022-12-12,1.5,15.0,atm-1.0%,0.3136153866201515,2.862897756486757,2.834268778921889,0.003777403240958,0.0064593430771199,0.4365374959815354,0.3142751858653098,-0.0022832896592206,0.4317267474758034,2.834933085584781,-0.0023859953997935,0.4314776192737236,2.74035092767238,-0.0023346425295070567,0.4316021833747635,2.7876420066285803,0,0,4,12,2022,346,12,50,0.0037989663167656,0.0037977242399928,0.0037983452783792006,0.0037411761927094,0.0072908974,0.012917984,0.4314893,0.4409294366378183
2022-12-13,1.5,15.0,atm-1.0%,0.3079441703896503,2.7935108981642376,2.7655757891825954,0.0036980103483005,-0.0025752825467678,0.4288434866241066,0.31126651245875,0.0064593430771199,0.4365374959815354,2.862897756486757,-0.0022832896592206,0.4317267474758034,2.834933085584781,0.002088026708949643,0.43413212172866944,2.848915421035769,0,1,4,12,2022,347,13,50,0.003777403240958,0.0037989663167656,0.0037881847788618006,0.0037977242399928,0.0072673894,0.011801569,0.43606067,0.44514844261398523
2022-12-14,1.5,15.0,atm-1.0%,0.3115217721971207,2.7978317169927167,2.769853399822789,0.0036721671845259,0.0026875635178259,0.4383900436263381,0.3120273845195835,-0.0025752825467678,0.4288434866241066,2.7935108981642376,0.0064593430771199,0.4365374959815354,2.862897756486757,0.0019420302651760432,0.432690491302821,2.8282043273254973,0,2,4,12,2022,348,14,50,0.0036980103483005,0.003777403240958,0.0037377067946292503,0.0037989663167656,0.0072217914,0.012917984,0.43094027,0.44177390481303325
2022-12-15,1.5,15.0,atm-1.0%,0.3100438622429541,2.749963178505045,2.7224635467199945,0.0035916672613728,-0.0008148168282119,0.4402258583083418,0.3104049392972209,0.0026875635178259,0.4383900436263381,2.7978317169927167,-0.0025752825467678,0.4288434866241066,2.7935108981642376,5.6140485529043065e-05,0.43361676512522235,2.795671307578477,0,3,4,12,2022,349,15,50,0.0036721671845259,0.0036980103483005,0.0036850887664132003,0.003777403240958,0.007192451,0.011801569,0.43947288,0.44419477770042326
2022-12-16,1.5,15.0,atm-1.0%,0.3088731338173735,2.790286621864423,2.762383755645778,0.0035922168807256,-0.0013222252746623,0.4405137996085925,0.3091981516712244,-0.0008148168282119,0.4402258583083418,2.749963178505045,0.0026875635178259,0.4383900436263381,2.7978317169927167,0.000936373344806993,0.43930795096734,2.773897447748881,0,4,4,12,2022,350,16,50,0.0035916672613728,0.0036721671845259,0.00363191722294935,0.0036980103483005,0.0071548983,0.012298466,0.44369656,0.43887066072516456
2022-12-19,1.5,15.0,atm-1.0%,0.3081095479483059,2.8533081069522246,2.8247750258827025,0.0036262999889132,-0.0001596600688287,0.4397161479990721,0.3084912663545526,-0.0013222252746623,0.4405137996085925,2.790286621864423,-0.0008148168282119,0.4402258583083418,2.749963178505045,-0.001068521051437107,0.44036982895846716,2.770124900184734,0,0,4,12,2022,353,19,51,0.0035922168807256,0.0035916672613728,0.0035919420710492003,0.0036721671845259,0.0071174633,0.01292785,0.44352478,0.43171797536742845
2022-12-20,1.5,15.0,atm-1.0%,0.306991691180846,2.9255339228726323,2.896278583643906,0.0036674009761407,-0.0011531001173006,0.4381011827917264,0.3078841909288236,-0.0001596600688287,0.4397161479990721,2.8533081069522246,-0.0013222252746623,0.4405137996085925,2.790286621864423,-0.000740942671745507,0.4401149738038323,2.821797364408324,0,1,4,12,2022,354,20,51,0.0036262999889132,0.0035922168807256,0.0036092584348194007,0.0035916672613728,0.0071502095,0.01292785,0.44369656,0.4283250623913334
2022-12-21,1.5,15.0,atm-1.0%,0.3084480900351004,2.948396554196417,2.918912588654453,0.0036812513560979,-0.0007559835900653,0.4409652727795003,0.308687321521206,-0.0011531001173006,0.4381011827917264,2.9255339228726323,-0.0001596600688287,0.4397161479990721,2.8533081069522246,-0.0006563800930646569,0.43890866539539924,2.889421014912428,0,2,4,12,2022,355,21,51,0.0036674009761407,0.0036262999889132,0.0036468504825269503,0.0035922168807256,0.0071548983,0.01292785,0.44145593,0.4268376491707147
2022-12-22,1.5,15.0,atm-1.0%,0.3075314046567733,2.932520077138053,2.9031948763666726,0.0037101325463935,-0.0015784780929976,0.4355974817610481,0.3091451525460271,-0.0007559835900653,0.4409652727795003,2.948396554196417,-0.0011531001173006,0.4381011827917264,2.9255339228726323,-0.000954541853682957,0.4395332277856133,2.9369652385345244,0,3,4,12,2022,356,22,51,0.0036812513560979,0.0036674009761407,0.0036743261661193,0.0036262999889132,0.007196274,0.01292785,0.44369656,0.4305707276243664
2022-12-23,1.5,15.0,atm-1.0%,0.3045153405392048,3.008978553940868,2.978888768401459,0.0037486490327538,-0.0022374748227593,0.4308278943786967,0.3072884546658395,-0.0015784780929976,0.4355974817610481,2.932520077138053,-0.0007559835900653,0.4409652727795003,2.948396554196417,-0.001167230841531457,0.4382813772702742,2.940458315667235,0,4,4,12,2022,357,23,51,0.0037101325463935,0.0036812513560979,0.0036956919512457003,0.0036674009761407,0.0072256145,0.01292785,0.4380437,0.42653865856719186
2022-12-28,1.5,15.0,atm-1.0%,0.3045567399754139,3.1229165368263336,3.0916873714580704,0.0037823447539639,-0.0017214439918753,0.4343209254279074,0.3064637213177918,-0.0022374748227593,0.4308278943786967,3.008978553940868,-0.0015784780929976,0.4355974817610481,2.932520077138053,-0.001907976457878457,0.4332126880698724,2.970749315539461,0,2,4,12,2022,362,28,52,0.0037486490327538,0.0037101325463935,0.0037293907895736503,0.0036812513560979,0.0072673894,0.014333146,0.4314893,0.4208126627690761
2022-12-29,1.5,15.0,atm-1.0%,0.3029225550072238,3.0709091045673995,3.040200013521725,0.003763391044041,0.0143649739554031,0.4302656482959992,0.3039783289695232,-0.0017214439918753,0.4343209254279074,3.1229165368263336,-0.0022374748227593,0.4308278943786967,3.008978553940868,-0.001979459407317307,0.43257440990330204,3.065947545383601,0,3,4,12,2022,363,29,52,0.0037823447539639,0.0037486490327538,0.0037654968933588506,0.0037101325463935,0.0072673894,0.014333146,0.43513173,0.4245246624421277
2022-12-30,1.5,15.0,atm-1.0%,0.3037055764977034,3.047272759538588,3.0168000319432022,0.0037468976741791,0.0120520481648987,0.4319317940467733,0.3046548857006074,0.0143649739554031,0.4302656482959992,3.0709091045673995,-0.0017214439918753,0.4343209254279074,3.1229165368263336,0.006321764981763893,0.43229328686195334,3.0969128206968666,0,4,4,12,2022,364,30,52,0.003763391044041,0.0037823447539639,0.0037728678990024507,0.0037486490327538,0.0072673894,0.02303717,0.43056035,0.42595852751234237
2023-01-03,1.5,15.0,atm-1.0%,0.3030553718104534,3.006691341998292,2.976624428578309,0.0037283459013749,-0.0048393301096345,0.4298431178476431,0.3063340582386312,0.0120520481648987,0.4319317940467733,3.047272759538588,0.0143649739554031,0.4302656482959992,3.0709091045673995,0.013208511060150894,0.43109872117138626,3.0590909320529938,0,1,1,1,2023,3,3,1,0.0037468976741791,0.003763391044041,0.0037551443591100505,0.0037823447539639,0.0072673894,0.025507296,0.43046412,0.4288177706589492
2023-01-04,1.5,15.0,atm-1.0%,0.3047939888544126,2.943059567316973,2.913628971643803,0.0037394083811785,-0.0026351355850485,0.4284030883907528,0.3082460457633397,-0.0048393301096345,0.4298431178476431,3.006691341998292,0.0120520481648987,0.4319317940467733,3.047272759538588,0.003606359027632093,0.43088745594720823,3.02698205076844,0,2,1,1,2023,4,4,1,0.0037283459013749,0.0037468976741791,0.0037376217877770007,0.003763391044041,0.00723926,0.013586501,0.43139306,0.4317984160601884
2023-01-05,1.5,15.0,atm-1.0%,0.3083548135120942,2.936776630723283,2.90740886441605,0.0037904380274378,-0.0024962817634045,0.4300391673085712,0.3115574613107752,-0.0026351355850485,0.4284030883907528,2.943059567316973,-0.0048393301096345,0.4298431178476431,3.006691341998292,-0.003737232847341507,0.429123103119198,2.9748754546576324,0,3,1,1,2023,5,5,1,0.0037394083811785,0.0037283459013749,0.0037338771412767004,0.0037468976741791,0.0072673894,0.013586501,0.4294911,0.43385293185296103
2023-01-06,1.5,15.0,atm-1.0%,0.311013852112988,2.8295398034951167,2.801244405460165,0.0037138034394135,-0.0016754312760547,0.4355300998273402,0.3127727997800943,-0.0024962817634045,0.4300391673085712,2.936776630723283,-0.0026351355850485,0.4284030883907528,2.943059567316973,-0.002565708674226507,0.42922112784966204,2.9399180990201277,0,4,1,1,2023,6,6,1,0.0037904380274378,0.0037394083811785,0.00376492320430815,0.0037283459013749,0.0072673894,0.012879134,0.43139306,0.44208640993627585
2023-01-24,1.5,15.0,atm-1.0%,0.3123477230466321,2.7735827940596938,2.745846966119097,0.0036321141462888,-0.0025968966029528,0.4423890317432875,0.3126036298080024,-0.0016754312760547,0.4355300998273402,2.8295398034951167,-0.0024962817634045,0.4300391673085712,2.936776630723283,-0.002085856519729607,0.4327846335679557,2.8831582171092,0,1,1,1,2023,24,24,4,0.0037138034394135,0.0037904380274378,0.0037521207334256504,0.0037394083811785,0.0072256145,0.012879134,0.43596444,0.4441719576580051
2023-01-25,1.5,15.0,atm-1.0%,0.3130594966361092,2.790560678603672,2.7626550718176355,0.0036958284803074,0.0032149764488121,0.4387776413749162,0.3135805391770838,-0.0025968966029528,0.4423890317432875,2.7735827940596938,-0.0016754312760547,0.4355300998273402,2.8295398034951167,-0.002136163939503757,0.4389595657853138,2.801561298777405,0,2,1,1,2023,25,25,4,0.0036321141462888,0.0037138034394135,0.0036729587928511507,0.0037904380274378,0.007192451,0.012879134,0.44377932,0.4411562487237818
2023-01-26,1.5,15.0,atm-1.0%,0.314102661769312,2.8131166900002653,2.7849855231002625,0.0037958612309632,-0.0022295451775534,0.432552202803938,0.3168184266021076,0.0032149764488121,0.4387776413749162,2.790560678603672,-0.0025968966029528,0.4423890317432875,2.7735827940596938,0.00030903992292964275,0.44058333655910187,2.782071736331683,0,3,1,1,2023,26,26,4,0.0036958284803074,0.0036321141462888,0.0036639713132981004,0.0037138034394135,0.0072217914,0.011752853,0.4413597,0.4410614624943942
2023-01-27,1.5,15.0,atm-1.0%,0.311275159415514,2.829727000386443,2.8014297303825786,0.003738763827241,-0.0019602054245472,0.4336256170599087,0.3135296983243656,-0.0022295451775534,0.432552202803938,2.8131166900002653,0.0032149764488121,0.4387776413749162,2.790560678603672,0.0004927156356293429,0.4356649220894271,2.801838684301969,0,4,1,1,2023,27,27,4,0.0037958612309632,0.0036958284803074,0.0037458448556353004,0.0036321141462888,0.0072737294,0.012879134,0.43139306,0.4424574465380626
2023-01-30,1.5,15.0,atm-1.0%,0.3136692618953514,2.8509598361059454,2.822450237744886,0.00379435084714,-0.001947318411246,0.4342873722763218,0.3159026601646424,-0.0019602054245472,0.4336256170599087,2.829727000386443,-0.0022295451775534,0.432552202803938,2.8131166900002653,-0.002094875301050307,0.4330889099319234,2.8214218451933544,0,0,1,1,2023,30,30,5,0.003738763827241,0.0037958612309632,0.0037673125291021008,0.0036958284803074,0.0072673894,0.012879134,0.43104145,0.44040620093880767
2023-01-31,1.5,15.0,atm-1.0%,0.3182372442235816,2.836367486459364,2.8080038115947703,0.0038753530824425,-0.0020684968819287,0.4343021087637161,0.3206790452222152,-0.001947318411246,0.4342873722763218,2.8509598361059454,-0.0019602054245472,0.4336256170599087,2.829727000386443,-0.001953761917896607,0.43395649466811526,2.840343418246194,0,1,1,1,2023,31,31,5,0.00379435084714,0.003738763827241,0.0037665573371905006,0.0037958612309632,0.0072673894,0.013238947,0.43596444,0.44176774200013
2023-02-01,1.5,15.0,atm-1.0%,0.317137234314608,2.7401894684797026,2.712787573794905,0.0038148466228741,-0.002442777129341,0.4315874936715206,0.32020723429995,-0.0020684968819287,0.4343021087637161,2.836367486459364,-0.001947318411246,0.4342873722763218,2.8509598361059454,-0.002007907646587357,0.43429474052001893,2.8436636612826547,0,2,1,2,2023,32,1,5,0.0038753530824425,0.00379435084714,0.0038348519647912506,0.003738763827241,0.007317744,0.012879134,0.43596444,0.4525680435966804
2023-02-02,1.5,15.0,atm-1.0%,0.3200823140722295,2.7636936738161504,2.736056737077989,0.0038230644672722,-0.0031302418705513,0.4379824823591591,0.3218068892401685,-0.002442777129341,0.4315874936715206,2.7401894684797026,-0.0020684968819287,0.4343021087637161,2.836367486459364,-0.002255637005634857,0.43294480121761836,2.7882784774695333,0,3,1,2,2023,33,2,5,0.0038148466228741,0.0038753530824425,0.0038450998526583006,0.00379435084714,0.007312335,0.012879134,0.43139306,0.450088384600779
2023-02-03,1.5,15.0,atm-1.0%,0.3168657252303224,2.831245746182152,2.8029332887203307,0.0037867570876884,0.0024073370381779,0.4397343577772601,0.3173243630500991,-0.0031302418705513,0.4379824823591591,2.7636936738161504,-0.002442777129341,0.4315874936715206,2.7401894684797026,-0.002786509499946157,0.4347849880153398,2.7519415711479267,0,4,1,2,2023,34,3,5,0.0038230644672722,0.0038148466228741,0.0038189555450731504,0.0038753530824425,0.007312335,0.012879134,0.43937665,0.44506408603030456
2023-02-06,1.5,15.0,atm-1.0%,0.3184181078512184,2.8695831434355474,2.840887312001192,0.0037823641545805,-0.0053883504265948,0.4455936922417063,0.318502164527985,0.0024073370381779,0.4397343577772601,2.831245746182152,-0.0031302418705513,0.4379824823591591,2.7636936738161504,-0.00036145241618670723,0.43885842006820963,2.7974697099991515,0,0,1,2,2023,37,6,6,0.0037867570876884,0.0038230644672722,0.0038049107774803005,0.0038148466228741,0.007284558,0.012879134,0.44360754,0.44060251521522814
2023-02-07,1.5,15.0,atm-1.0%,0.3178098480054598,2.903879314969365,2.874840521819672,0.0037651172185949,0.0001554896488454,0.4481836425495144,0.3165637163067992,-0.0053883504265948,0.4455936922417063,2.8695831434355474,0.0024073370381779,0.4397343577772601,2.831245746182152,-0.0014905066942084574,0.4426640250094832,2.85041444480885,0,1,1,2,2023,38,7,6,0.0037823641545805,0.0037867570876884,0.0037845606211344505,0.0038230644672722,0.0072673894,0.013586501,0.44377932,0.43696857035185915
2023-02-08,1.5,15.0,atm-1.0%,0.3172866700964738,2.8939731312158674,2.8650333999037088,0.0038318393750329,0.0021816103486193,0.4403869684762108,0.3177249759376373,0.0001554896488454,0.4481836425495144,2.903879314969365,-0.0053883504265948,0.4455936922417063,2.8695831434355474,-0.0026164303888747075,0.4468886673956104,2.8867312292024563,0,2,1,2,2023,39,8,6,0.0037651172185949,0.0037823641545805,0.0037737406865877006,0.0037867570876884,0.0072673894,0.01107113,0.44607577,0.4378255239333457
2023-02-09,1.5,15.0,atm-1.0%,0.3171858279761677,2.923047286612885,2.893816813746756,0.0038781260326294,-0.0015338259501847,0.4375979889910356,0.318724718389608,0.0021816103486193,0.4403869684762108,2.8939731312158674,0.0001554896488454,0.4481836425495144,2.903879314969365,0.0011685499987323432,0.4442853055128626,2.8989262230926163,0,3,1,2,2023,40,9,6,0.0038318393750329,0.0037651172185949,0.003798478296813901,0.0037823641545805,0.007312335,0.012246457,0.4457118,0.43831931500112487
2023-02-10,1.5,15.0,atm-1.0%,0.3159662312399006,2.976455347603891,2.946690794127852,0.0038677818244819,-0.0011627192590479,0.439394167562132,0.3168940070300023,-0.0015338259501847,0.4375979889910356,2.923047286612885,0.0021816103486193,0.4403869684762108,2.8939731312158674,0.00032389219921729316,0.4389924787336232,2.908510208914376,0,4,1,2,2023,41,10,6,0.0038781260326294,0.0038318393750329,0.0038549827038311503,0.0037651172185949,0.007337138,0.013586501,0.43808445,0.43548372535400537
2023-02-13,1.5,15.0,atm-1.0%,0.317821008791086,2.948243178225025,2.918760746442775,0.0038433599055358,-0.0005784058881136,0.4435219607309686,0.3177729084047733,-0.0011627192590479,0.439394167562132,2.976455347603891,-0.0015338259501847,0.4375979889910356,2.923047286612885,-0.0013482726046163069,0.43849607827658377,2.949751317108388,0,0,1,2,2023,44,13,7,0.0038677818244819,0.0038781260326294,0.0038729539285556505,0.0038318393750329,0.007317744,0.013586501,0.4413597,0.43655920736049403
2023-02-14,1.5,15.0,atm-1.0%,0.3193453489197089,2.9574326186455857,2.92785829245913,0.0038596063865143,-0.0003022429539176,0.44542695271628,0.3188482767142812,-0.0005784058881136,0.4435219607309686,2.948243178225025,-0.0011627192590479,0.439394167562132,2.976455347603891,-0.000870562573580757,0.4414580641465503,2.962349262914458,0,1,1,2,2023,45,14,7,0.0038433599055358,0.0038677818244819,0.0038555708650088506,0.0038781260326294,0.007317744,0.013586501,0.44377932,0.43599432656734405
2023-02-15,1.5,15.0,atm-1.0%,0.3178559446257297,2.994155046563295,2.964213496097662,0.0038797092607359,-0.0006544071826913,0.4429605696120025,0.3179439239026977,-0.0003022429539176,0.44542695271628,2.9574326186455857,-0.0005784058881136,0.4435219607309686,2.948243178225025,-0.0004403244210156069,0.4444744567236243,2.9528378984353054,0,2,1,2,2023,46,15,7,0.0038596063865143,0.0038433599055358,0.0038514831460250507,0.0038677818244819,0.007317744,0.013586501,0.44377932,0.4333123931128269
2023-02-16,1.5,15.0,atm-1.0%,0.3180626515116477,3.0479472868824984,3.0174678140136733,0.0039148998928778,-0.0023116220874371,0.4433320458301289,0.3182838978547343,-0.0006544071826913,0.4429605696120025,2.994155046563295,-0.0003022429539176,0.44542695271628,2.9574326186455857,-0.00047832506830445696,0.4441937611641412,2.9757938326044404,0,3,1,2,2023,47,16,7,0.0038797092607359,0.0038596063865143,0.0038696578236251007,0.0038433599055358,0.007337138,0.015001662,0.44377932,0.4306094503546949
2023-02-17,1.5,15.0,atm-1.0%,0.317067421885621,3.028930567204907,2.9986412615328577,0.0039214968840406,0.0026841192331279,0.4397103992288656,0.3175248882458568,-0.0023116220874371,0.4433320458301289,3.0479472868824984,-0.0006544071826913,0.4429605696120025,2.994155046563295,-0.001483014635064207,0.44314630772106567,3.0210511667228968,0,4,1,2,2023,48,17,7,0.0039148998928778,0.0038797092607359,0.0038973045768068504,0.0038596063865143,0.0073433933,0.013586501,0.44285038,0.432284358052062
2023-02-20,1.5,15.0,atm-1.0%,0.318584419178635,3.0287696773974484,2.998481980623474,0.0039184889740348,-0.0007401585552196,0.4430673118148288,0.3188192841396554,0.0026841192331279,0.4397103992288656,3.028930567204907,-0.0023116220874371,0.4433320458301289,3.0479472868824984,0.00018624857284539305,0.44152122252949727,3.0384389270437024,0,0,1,2,2023,51,20,8,0.0039214968840406,0.0039148998928778,0.0039181983884592,0.0038797092607359,0.0073433933,0.01131377,0.4426786,0.43228835925917974
2023-02-21,1.5,15.0,atm-1.0%,0.3189791693796876,3.1236721519309345,3.092435430411625,0.0040310590933343,0.004902847616208,0.4391894814518407,0.3195231245180804,-0.0007401585552196,0.4430673118148288,3.0287696773974484,0.0026841192331279,0.4397103992288656,3.028930567204907,0.000971980338954143,0.4413888555218472,3.0288501223011774,0,1,1,2,2023,52,21,8,0.0039184889740348,0.0039214968840406,0.003919992929037701,0.0039148998928778,0.007407279,0.015001662,0.43570137,0.42905215881063313
2023-02-22,1.5,15.0,atm-1.0%,0.321875218247245,3.0951350485001567,3.064183698015156,0.0041818621207101,0.019747878995205,0.4291205362193057,0.323098733764562,0.004902847616208,0.4391894814518407,3.1236721519309345,-0.0007401585552196,0.4430673118148288,3.0287696773974484,0.002081344530494193,0.44112839663333475,3.0762209146641917,0,2,1,2,2023,53,22,8,0.0040310590933343,0.0039184889740348,0.00397477403368455,0.0039214968840406,0.0075085335,0.015676986,0.43835217,0.4370408870486166
2023-02-23,1.5,15.0,atm-1.0%,0.3199303002734361,3.0504955804881067,3.019990624683225,0.004268733889372,0.0397748693536916,0.4142972870040722,0.3220428588056755,0.019747878995205,0.4291205362193057,3.0951350485001567,0.004902847616208,0.4391894814518407,3.1236721519309345,0.012325363305706494,0.43415500883557323,3.1094036002155456,0,3,1,2,2023,54,23,8,0.0041818621207101,0.0040310590933343,0.004106460607022201,0.0039184889740348,0.007543436,0.026922455,0.42986262,0.4418700462410041
2023-02-24,1.5,15.0,atm-1.0%,0.3204496122074727,3.102094176218414,3.07107323445623,0.0042338414767614,0.0291752967497767,0.4218409639156215,0.3220925664786985,0.0397748693536916,0.4142972870040722,3.0504955804881067,0.019747878995205,0.4291205362193057,3.0951350485001567,0.029761374174448296,0.42170891161168894,3.0728153144941315,0,4,1,2,2023,55,24,8,0.004268733889372,0.0041818621207101,0.00422529800504105,0.0040310590933343,0.00757359,0.05710751,0.41596675,0.4392690583334111
2023-02-27,1.5,15.0,atm-1.0%,0.3145801101159302,3.0851689745151423,3.054317284769991,0.0041495975457855,0.0348909360005344,0.4176035089561641,0.3164955894806047,0.0291752967497767,0.4218409639156215,3.102094176218414,0.0397748693536916,0.4142972870040722,3.0504955804881067,0.03447508305173414,0.41806912545984687,3.07629487835326,0,0,1,2,2023,58,27,9,0.0042338414767614,0.004268733889372,0.0042512876830667,0.0041818621207101,0.0075485636,0.05710751,0.4189554,0.4391502514729197
2023-02-28,1.5,15.0,atm-1.0%,0.3093443555718624,3.08699079987606,3.0561208918772995,0.0041353026999767,0.0465238633067778,0.4090746224837811,0.3117666695817834,0.0348909360005344,0.4176035089561641,3.0851689745151423,0.0291752967497767,0.4218409639156215,3.102094176218414,0.03203311637515554,0.4197222364358928,3.0936315753667785,0,1,1,2,2023,59,28,9,0.0041495975457855,0.0042338414767614,0.004191719511273451,0.004268733889372,0.007543436,0.05710751,0.4177948,0.4386705193823075
2023-03-01,1.5,15.0,atm-1.0%,0.2997741419231074,3.1360221390828857,3.1046619176920567,0.0042747937523237,0.0865268631271238,0.3801576354024126,0.3037489580269821,0.0465238633067778,0.4090746224837811,3.08699079987606,0.0348909360005344,0.4176035089561641,3.0851689745151423,0.04070739965365609,0.4133390657199726,3.0860798871956012,0,2,1,3,2023,60,1,9,0.0041353026999767,0.0041495975457855,0.0041424501228811,0.0042338414767614,0.007543436,0.0656058,0.40202388,0.4345299868771729
2023-03-02,1.5,15.0,atm-1.0%,0.308039171110368,3.205133522703684,3.173082187476647,0.0043364124661857,0.0654457564156109,0.3947645857697796,0.3112275139671964,0.0865268631271238,0.3801576354024126,3.1360221390828857,0.0465238633067778,0.4090746224837811,3.08699079987606,0.0665253632169508,0.39461612894309683,3.111506469479473,0,3,1,3,2023,61,2,9,0.0042747937523237,0.0041353026999767,0.0042050482261502,0.0041495975457855,0.00757359,0.09923025,0.3883,0.4309056908957171
2023-03-03,1.5,15.0,atm-1.0%,0.3111000576033984,3.0953254949351914,3.06437223998584,0.0042749428351295,0.0591051948221613,0.3994239197495106,0.3140269452852573,0.0654457564156109,0.3947645857697796,3.205133522703684,0.0865268631271238,0.3801576354024126,3.1360221390828857,0.07598630977136733,0.3874611105860961,3.1705778308932846,0,4,1,3,2023,62,3,9,0.0043364124661857,0.0042747937523237,0.004305603109254701,0.0041353026999767,0.007584714,0.08578827,0.39837378,0.43957777475996834
2023-03-06,1.5,15.0,atm-1.0%,0.3196465091736097,3.107237862843732,3.0761654842152946,0.0042919729537659,0.0380797166799654,0.4151050253698729,0.3216875265428142,0.0591051948221613,0.3994239197495106,3.0953254949351914,0.0654457564156109,0.3947645857697796,3.205133522703684,0.06227547561888609,0.39709425275964505,3.1502295088194376,0,0,1,3,2023,65,6,10,0.0042749428351295,0.0043364124661857,0.0043056776506576,0.0042747937523237,0.007584714,0.085373454,0.40048254,0.4388248565309969
2023-03-07,1.5,15.0,atm-1.0%,0.3172240512181103,3.066541851277888,3.035876432765109,0.0044379083834659,0.065975349557674,0.3929905461594747,0.3204194045127775,0.0380797166799654,0.4151050253698729,3.107237862843732,0.0591051948221613,0.3994239197495106,3.0953254949351914,0.04859245575106334,0.4072644725596918,3.1012816788894617,0,1,1,3,2023,66,7,10,0.0042919729537659,0.0042749428351295,0.004283457894447701,0.0043364124661857,0.007584714,0.06280529,0.4056392,0.44199137665360405
2023-03-08,1.5,15.0,atm-1.0%,0.3049409605443601,3.051800555437176,3.021282549882804,0.0047308624171541,0.1420652526584558,0.3355477839600363,0.3104845729285664,0.065975349557674,0.3929905461594747,3.066541851277888,0.0380797166799654,0.4151050253698729,3.107237862843732,0.0520275331188197,0.4040477857646738,3.08688985706081,0,2,1,3,2023,67,8,10,0.0044379083834659,0.0042919729537659,0.0043649406686159,0.0042749428351295,0.007584714,0.09923025,0.3819058,0.4419835212869888
2023-03-09,1.5,15.0,atm-1.0%,0.2949464929853386,3.04510098300244,3.0146499731724155,0.0052484536225835,0.2785751928814145,0.244418081157224,0.3020011325415321,0.1420652526584558,0.3355477839600363,3.051800555437176,0.065975349557674,0.3929905461594747,3.066541851277888,0.1040203011080649,0.3642691650597555,3.059171203357532,0,3,1,3,2023,68,9,10,0.0047308624171541,0.0044379083834659,0.00458438540031,0.0042919729537659,0.007584714,0.25676677,0.30297434,0.4391703825523006
2023-03-10,1.5,15.0,atm-1.0%,0.2957262403023154,2.881161623443361,2.852350007208927,0.0049225177244328,0.2325799539482013,0.2739393436708308,0.3026213885323695,0.2785751928814145,0.244418081157224,3.04510098300244,0.1420652526584558,0.3355477839600363,3.051800555437176,0.21032022276993517,0.28998293255863017,3.0484507692198077,0,4,1,3,2023,69,10,10,0.0052484536225835,0.0047308624171541,0.0049896580198688,0.0044379083834659,0.008141152,0.21630543,0.29040495,0.4843538105035794
2023-03-13,1.5,15.0,atm-1.0%,0.3348758834242762,2.872071332378362,2.8433506190545788,0.0053035688571923,0.1544180649749641,0.3100215551088798,0.3403646735820752,0.2325799539482013,0.2739393436708308,2.881161623443361,0.2785751928814145,0.244418081157224,3.04510098300244,0.2555775734148079,0.25917871241402735,2.9631313032229007,0,0,1,3,2023,72,13,11,0.0049225177244328,0.0052484536225835,0.00508548567350815,0.0047308624171541,0.008517729,0.20673098,0.28421947,0.5073820891452203
2023-03-14,1.5,15.0,atm-1.0%,0.3452597349031723,2.9790914238926285,2.9493005096537024,0.005712486015036,0.1686756674281626,0.2902756776271319,0.3508103332253904,0.1544180649749641,0.3100215551088798,2.872071332378362,0.2325799539482013,0.2739393436708308,2.881161623443361,0.19349900946158272,0.2919804493898553,2.8766164779108614,0,1,1,3,2023,73,14,11,0.0053035688571923,0.0049225177244328,0.0051130432908125505,0.0052484536225835,0.008597276,0.18298468,0.29527324,0.503283925628082
2023-03-15,1.5,15.0,atm-1.0%,0.3619264074764018,2.9218742905634265,2.8926555476577924,0.0058507005133922,0.1433686479424317,0.3029314821970151,0.3669920289759505,0.1686756674281626,0.2902756776271319,2.9790914238926285,0.1544180649749641,0.3100215551088798,2.872071332378362,0.16154686620156333,0.3001486163680058,2.9255813781354956,0,2,1,3,2023,74,15,11,0.005712486015036,0.0053035688571923,0.00550802743611415,0.0049225177244328,0.008685438,0.17098695,0.31801605,0.5142820523845658
2023-03-16,1.5,15.0,atm-1.0%,0.3430949487742909,2.9249689696024666,2.8957192799064417,0.0053839038174691,0.1332339892648194,0.3248569450009567,0.3481433614863651,0.1433686479424317,0.3029314821970151,2.9218742905634265,0.1686756674281626,0.2902756776271319,2.9790914238926285,0.15602215768529715,0.2966035799120735,2.9504828572280273,0,3,1,3,2023,75,16,11,0.0058507005133922,0.005712486015036,0.0057815932642141,0.0053035688571923,0.008685438,0.16868512,0.31830207,0.5140281644459003
2023-03-17,1.5,15.0,atm-1.0%,0.3341037163963207,2.823630552056304,2.7953942465357406,0.0051081227366707,0.1339792963545641,0.3287225534810905,0.3392433372314583,0.1332339892648194,0.3248569450009567,2.9249689696024666,0.1433686479424317,0.3029314821970151,2.9218742905634265,0.13830131860362554,0.31389421359898584,2.9234216300829465,0,4,1,3,2023,76,17,11,0.0053839038174691,0.0058507005133922,0.00561730216543065,0.005712486015036,0.008685438,0.16924761,0.32099205,0.5232762012711971
2023-03-20,1.5,15.0,atm-1.0%,0.3476690744423462,2.8668915885465767,2.838222672661111,0.0055167966772679,0.1465418499598309,0.3093853232438999,0.352909219809826,0.1339792963545641,0.3287225534810905,2.823630552056304,0.1332339892648194,0.3248569450009567,2.9249689696024666,0.13360664280969176,0.32678974924102355,2.874299760829385,0,0,1,3,2023,79,20,12,0.0051081227366707,0.0053839038174691,0.005246013277069901,0.0058507005133922,0.008597276,0.16924761,0.3106593,0.5136440324234987
2023-03-21,1.5,15.0,atm-1.0%,0.3607767343650577,2.9240164891329674,2.8947763242416378,0.0058224516195364,0.1424074116690538,0.3045794653480975,0.3658295887573357,0.1465418499598309,0.3093853232438999,2.8668915885465767,0.1339792963545641,0.3287225534810905,2.823630552056304,0.1402605731571975,0.3190539383624952,2.84526107030144,0,1,1,3,2023,80,21,12,0.0055167966772679,0.0051081227366707,0.0053124597069693,0.0053839038174691,0.008685438,0.16924761,0.30352765,0.5135506863586231
2023-03-22,1.5,15.0,atm-1.0%,0.3517488408902502,2.8855948338251776,2.8567388854869256,0.0056435769430043,0.1498570163960015,0.3032003950469968,0.3570022374437133,0.1424074116690538,0.3045794653480975,2.9240164891329674,0.1465418499598309,0.3093853232438999,2.8668915885465767,0.14447463081444234,0.30698239429599866,2.8954540388397723,0,2,1,3,2023,81,22,12,0.0058224516195364,0.0055167966772679,0.00566962414840215,0.0051081227366707,0.008685438,0.16924761,0.3163676,0.5174464215366412
2023-03-23,1.5,15.0,atm-1.0%,0.3563962390049344,2.835080840320688,2.806730031917481,0.0056730693625084,0.1472900163577767,0.3029240184636836,0.3615736779449103,0.1498570163960015,0.3032003950469968,2.8855948338251776,0.1424074116690538,0.3045794653480975,2.9240164891329674,0.14613221403252763,0.3038899301975471,2.9048056614790725,0,3,1,3,2023,82,23,12,0.0056435769430043,0.0058224516195364,0.005733014281270351,0.0055167966772679,0.008685438,0.16924761,0.31644154,0.5220389962840365
2023-03-24,1.5,15.0,atm-1.0%,0.3342643436770149,2.796148138836483,2.7681866574481178,0.0052513656107271,0.1594317455537168,0.3060109704030148,0.3398391184400045,0.1472900163577767,0.3029240184636836,2.835080840320688,0.1498570163960015,0.3032003950469968,2.8855948338251776,0.1485735163768891,0.3030622067553402,2.860337837072933,0,4,1,3,2023,83,24,12,0.0056730693625084,0.0056435769430043,0.005658323152756351,0.0058224516195364,0.008685438,0.16924761,0.31608516,0.5256469398696433
2023-03-27,1.5,15.0,atm-1.0%,0.3105881667937998,2.890966878710688,2.862057209923581,0.0048613224474215,0.1633566031875029,0.3164302901411848,0.316488593941069,0.1594317455537168,0.3060109704030148,2.796148138836483,0.1472900163577767,0.3029240184636836,2.835080840320688,0.15336088095574674,0.3044674944333492,2.8156144895785857,0,0,1,3,2023,86,27,13,0.0052513656107271,0.0056730693625084,0.0054622174866177505,0.0056435769430043,0.008597276,0.16924761,0.31937692,0.5118336386903727
2023-03-28,1.5,15.0,atm-1.0%,0.3101764540478111,2.904322618107397,2.875279391926323,0.0047956125437426,0.1525011058521775,0.324979970044348,0.3158869400784956,0.1633566031875029,0.3164302901411848,2.890966878710688,0.1594317455537168,0.3060109704030148,2.796148138836483,0.16139417437060985,0.3112206302720998,2.8435575087735856,0,1,1,3,2023,87,28,13,0.0048613224474215,0.0052513656107271,0.005056344029074301,0.0056730693625084,0.0080616055,0.16868512,0.32227796,0.4789436462156767
2023-03-29,1.5,15.0,atm-1.0%,0.3254079670091576,2.9010887702655155,2.87207788256286,0.0048701246575796,0.1167867696380558,0.3481717164001102,0.3302194196328619,0.1525011058521775,0.324979970044348,2.904322618107397,0.1633566031875029,0.3164302901411848,2.890966878710688,0.15792885451984018,0.32070513009276636,2.8976447484090424,0,2,1,3,2023,88,29,13,0.0047956125437426,0.0048613224474215,0.004828467495582051,0.0052513656107271,0.007584714,0.16868512,0.33201876,0.4512013308238594
2023-03-30,1.5,15.0,atm-1.0%,0.318359768104539,2.878133371430551,2.8493520377162453,0.0047695568188164,0.1263878584140815,0.3430643583203943,0.3234486605623287,0.1167867696380558,0.3481717164001102,2.9010887702655155,0.1525011058521775,0.324979970044348,2.904322618107397,0.13464393774511665,0.33657584322222905,2.902705694186456,0,3,1,3,2023,89,30,13,0.0048701246575796,0.0047956125437426,0.0048328686006611,0.0048613224474215,0.0080616055,0.16707125,0.33302227,0.48152411808442697
2023-03-31,1.5,15.0,atm-1.0%,0.1121079021017072,2.8340982318082566,2.805757249490174,0.0021169121038932,0.5790117363197355,0.2226272143500042,0.1221687445839873,0.1263878584140815,0.3430643583203943,2.878133371430551,0.1167867696380558,0.3481717164001102,2.9010887702655155,0.12158731402606866,0.3456180373602522,2.889611070848033,0,4,1,3,2023,90,31,13,0.0047695568188164,0.0048701246575796,0.004819840738198001,0.0047956125437426,0.007584714,0.36551452,0.31223258,0.45497197439956594
2023-04-03,1.5,15.0,atm-1.0%,0.1119307797309583,2.7952876413576933,2.7673347649441165,0.0021056331422549,0.5755870378037257,0.2209043205922044,0.1223286570079932,0.5790117363197355,0.2226272143500042,2.8340982318082566,0.1263878584140815,0.3430643583203943,2.878133371430551,0.3526997973669085,0.2828457863351992,2.8561158016194037,0,0,2,4,2023,93,3,14,0.0021169121038932,0.0047695568188164,0.0034432344613548006,0.0048701246575796,0.0062768986,0.5211125,0.24414389,0.3771240335496131
2023-04-04,1.5,15.0,atm-1.0%,0.1130924496813931,2.748259421416091,2.72077682720193,0.0021164331419117,0.5552618771315143,0.2166653483645967,0.1247467538788705,0.5755870378037257,0.2209043205922044,2.7952876413576933,0.5790117363197355,0.2226272143500042,2.8340982318082566,0.5772993870617306,0.22176576747110427,2.8146929365829747,0,1,2,4,2023,94,4,14,0.0021056331422549,0.0021169121038932,0.0021112726230740507,0.0047695568188164,0.0057687457,0.5445617,0.23118217,0.3492978805612624
2023-04-05,1.5,15.0,atm-1.0%,0.1107520361014067,2.722468591233569,2.695243905321233,0.0020641749209512,0.536361625206972,0.2118157867553797,0.1239659624298334,0.5552618771315143,0.2166653483645967,2.748259421416091,0.5755870378037257,0.2209043205922044,2.7952876413576933,0.5654244574676199,0.21878483447840053,2.7717735313868923,0,2,2,4,2023,95,5,14,0.0021164331419117,0.0021056331422549,0.0021110331420833004,0.0021169121038932,0.005509146,0.5405588,0.22977018,0.3351532409286038
2023-04-06,1.5,15.0,atm-1.0%,0.1129734910226054,2.7108524597315538,2.6837439351342383,0.0020421168884635,0.516919677198754,0.2183052995008103,0.1263272978574172,0.536361625206972,0.2118157867553797,2.722468591233569,0.5552618771315143,0.2166653483645967,2.748259421416091,0.5458117511692431,0.21424056755998816,2.73536400632483,0,3,2,4,2023,96,6,14,0.0020641749209512,0.0021164331419117,0.0020903040314314506,0.0021056331422549,0.005509146,0.53706414,0.22977018,0.3358829081409975
2023-04-07,1.5,15.0,atm-1.0%,0.1123913955615055,2.76030066291118,2.732697656282068,0.0020816766062763,0.5326130787013972,0.216065967749204,0.1252598051688269,0.516919677198754,0.2183052995008103,2.7108524597315538,0.536361625206972,0.2118157867553797,2.722468591233569,0.526640651202863,0.21506054312809497,2.7166605254825615,0,4,2,4,2023,97,7,14,0.0020421168884635,0.0020641749209512,0.0020531459047073504,0.0021164331419117,0.005509146,0.49274495,0.25161195,0.33328758403012154
2023-04-10,1.5,15.0,atm-1.0%,0.11157698028764,2.7832375391205795,2.7554051637293737,0.0021309379207449,0.5597138490719106,0.2121776499976952,0.1235261374179625,0.5326130787013972,0.216065967749204,2.76030066291118,0.516919677198754,0.2183052995008103,2.7108524597315538,0.5247663779500755,0.21718563362500712,2.735576561321367,0,0,2,4,2023,100,10,15,0.0020816766062763,0.0020421168884635,0.0020618967473699005,0.0020641749209512,0.005509146,0.54408795,0.22977018,0.33146156576719693
2023-04-11,1.5,15.0,atm-1.0%,0.1139870284682569,2.7793501523180923,2.751556650794911,0.0021366784321762,0.5446558400975722,0.2162238338811939,0.1260574411565888,0.5597138490719106,0.2121776499976952,2.7832375391205795,0.5326130787013972,0.216065967749204,2.76030066291118,0.5461634638866539,0.21412180887344956,2.77176910101588,0,1,2,4,2023,101,11,15,0.0021309379207449,0.0020816766062763,0.0021063072635106005,0.0020421168884635,0.005509146,0.5394541,0.22977018,0.33170951135189725
2023-04-12,1.5,15.0,atm-1.0%,0.1133576788850498,2.787420615765192,2.75954640960754,0.0021321649295339,0.5468137947284578,0.2153805103352461,0.1253790452587438,0.5446558400975722,0.2162238338811939,2.7793501523180923,0.5597138490719106,0.2121776499976952,2.7832375391205795,0.5521848445847414,0.21420074193944452,2.781293845719336,0,2,2,4,2023,102,12,15,0.0021366784321762,0.0021309379207449,0.0021338081764605502,0.0020816766062763,0.005616957,0.5405588,0.22977018,0.3377074724156235
2023-04-13,1.5,15.0,atm-1.0%,0.1148709004049705,2.8207891009066755,2.792581209897609,0.0021950860725839,0.5436611202505097,0.2124479285057059,0.1271917064455605,0.5468137947284578,0.2153805103352461,2.787420615765192,0.5446558400975722,0.2162238338811939,2.7793501523180923,0.545734817413015,0.21580217210821998,2.783385384041642,0,3,2,4,2023,103,13,15,0.0021321649295339,0.0021366784321762,0.0021344216808550504,0.0021309379207449,0.005671723,0.5405588,0.22977018,0.33897732937567815
2023-04-14,1.5,15.0,atm-1.0%,0.1106942779386571,2.862593978264928,2.8339680384822787,0.0022115815695098,0.5662313558185278,0.2024137667839078,0.1232007369668207,0.5436611202505097,0.2124479285057059,2.8207891009066755,0.5468137947284578,0.2153805103352461,2.787420615765192,0.5452374574894838,0.21391421942047598,2.8041048583359336,0,4,2,4,2023,104,14,15,0.0021950860725839,0.0021321649295339,0.0021636255010589007,0.0021366784321762,0.006476458,0.5405588,0.22977018,0.38424056904137976
2023-04-17,1.5,15.0,atm-1.0%,0.1118311779651014,2.918918527913806,2.889729342634668,0.0022272075419493,0.5543330764233944,0.2054404402598717,0.1246613211040423,0.5662313558185278,0.2024137667839078,2.862593978264928,0.5436611202505097,0.2124479285057059,2.8207891009066755,0.5549462380345187,0.20743084764480682,2.841691539585802,0,0,2,4,2023,107,17,16,0.0022115815695098,0.0021950860725839,0.0022033338210468503,0.0021321649295339,0.0068146735,0.5382914,0.22146416,0.40029068104403526
2023-04-18,1.5,15.0,atm-1.0%,0.115520985436345,2.9130140223135,2.8838838820903647,0.0022093331132315,0.5275888200199397,0.2153067634653161,0.128439822230816,0.5543330764233944,0.2054404402598717,2.918918527913806,0.5662313558185278,0.2024137667839078,2.862593978264928,0.5602822161209611,0.20392710352188972,2.890756253089367,0,1,2,4,2023,108,18,16,0.0022272075419493,0.0022115815695098,0.0022193945557295505,0.0021950860725839,0.0069456734,0.53476226,0.22287615,0.40843194902367674
2023-04-19,1.5,15.0,atm-1.0%,0.1148212937410561,2.914385391357192,2.88524153744362,0.0022328759483742,0.5364100189072084,0.2111949217805737,0.1277502867338441,0.5275888200199397,0.2153067634653161,2.9130140223135,0.5543330764233944,0.2054404402598717,2.918918527913806,0.5409609482216671,0.21037360186259388,2.915966275113653,0,2,2,4,2023,109,19,16,0.0022093331132315,0.0022272075419493,0.0022182703275904006,0.0022115815695098,0.0071126996,0.53825694,0.22287615,0.41814191521008515
2023-04-20,1.5,15.0,atm-1.0%,0.1120262462438225,2.887652565666193,2.858776040009531,0.0021918348496999,0.5465113124910294,0.2082594171936146,0.12498237764836,0.5364100189072084,0.2111949217805737,2.914385391357192,0.5275888200199397,0.2153067634653161,2.9130140223135,0.531999419463574,0.21325084262294486,2.913699706835346,0,3,2,4,2023,110,20,16,0.0022328759483742,0.0022093331132315,0.0022211045308028502,0.0022272075419493,0.006872874,0.53715223,0.22287615,0.4059122619399916
2023-04-21,1.5,15.0,atm-1.0%,0.1134425679949379,2.915940185491948,2.8867807836370285,0.0021979051033892,0.5455355801266959,0.2135237385376156,0.1258447450781598,0.5465113124910294,0.2082594171936146,2.887652565666193,0.5364100189072084,0.2111949217805737,2.914385391357192,0.5414606656991189,0.20972716948709413,2.9010189785116927,0,4,2,4,2023,111,21,16,0.0021918348496999,0.0022328759483742,0.0022123553990370504,0.0022093331132315,0.0072845765,0.53715223,0.22287615,0.42813764214511524
2023-04-24,1.5,15.0,atm-1.0%,0.1126574051334168,2.869076951798417,2.840386182280433,0.0021815142118499,0.549354933160015,0.2114957036864931,0.1251518430680831,0.5455355801266959,0.2135237385376156,2.915940185491948,0.5465113124910294,0.2082594171936146,2.887652565666193,0.5460234463088627,0.21089157786561508,2.9017963755790706,0,0,2,4,2023,114,24,17,0.0021979051033892,0.0021918348496999,0.0021948699765445504,0.0022328759483742,0.0068375105,0.53181654,0.2328748,0.40528385387071086
2023-04-25,1.5,15.0,atm-1.0%,0.8882746291305289,2.79509872062582,2.7671477334195616,0.0149582417426943,0.353126113995058,0.1938132506858536,0.8722551477476239,0.549354933160015,0.2114957036864931,2.869076951798417,0.5455355801266959,0.2135237385376156,2.915940185491948,0.5474452566433554,0.21250972111205432,2.892508568645183,0,1,2,4,2023,115,25,17,0.0021815142118499,0.0021979051033892,0.0021897096576195506,0.0021918348496999,0.008887928,0.37295815,0.22972243,0.5344415868293022
2023-04-26,1.5,15.0,atm-1.0%,0.8718568135063699,2.827248435990495,2.79897595163059,0.0141805501032088,0.1493618169563446,0.4492033941760472,0.8722342334546563,0.353126113995058,0.1938132506858536,2.79509872062582,0.549354933160015,0.2114957036864931,2.869076951798417,0.4512405235775365,0.2026544771861733,2.8320878362121187,0,2,2,4,2023,116,26,17,0.0149582417426943,0.0021815142118499,0.0085698779772721,0.0021979051033892,0.017065002,0.21103008,0.38118395,1.0322615155717216
2023-04-27,1.5,15.0,atm-1.0%,0.8407156827266978,2.884848620379539,2.856000134175744,0.0142961896477978,0.3081127151573558,0.2033161372556599,0.8237339732567652,0.1493618169563446,0.4492033941760472,2.827248435990495,0.353126113995058,0.1938132506858536,2.79509872062582,0.25124396547570127,0.3215083224309504,2.8111735783081575,0,3,2,4,2023,117,27,17,0.0141805501032088,0.0149582417426943,0.01456939592295155,0.0021815142118499,0.017125485,0.23682228,0.29313594,1.0183333787493054
2023-04-28,1.5,15.0,atm-1.0%,0.8356512994188338,2.817146045850675,2.788974585392168,0.0135001351131219,0.1414264294750365,0.4503683056164139,0.836046316455852,0.3081127151573558,0.2033161372556599,2.884848620379539,0.1493618169563446,0.4492033941760472,2.827248435990495,0.22873726605685019,0.3262597657158536,2.856048528185017,0,4,2,4,2023,118,28,17,0.0142961896477978,0.0141805501032088,0.0142383698755033,0.0149582417426943,0.017125485,0.1722477,0.4323998,1.0432562505067478
2023-05-01,1.5,15.0,atm-1.0%,0.8330284843151656,2.9467672140864103,2.917299541945546,0.0137352091652468,0.1399658393203328,0.4561592758860842,0.8334452999119153,0.1414264294750365,0.4503683056164139,2.817146045850675,0.3081127151573558,0.2033161372556599,2.884848620379539,0.22476957231619615,0.3268422214360369,2.850997333115107,0,0,2,5,2023,121,1,18,0.0135001351131219,0.0142961896477978,0.013898162380459851,0.0141805501032088,0.01692828,0.17097606,0.43700588,1.0087895004223606
2023-05-02,1.5,15.0,atm-1.0%,0.8146663864671839,2.8658705529399726,2.8372118474105728,0.0132093569453022,0.1364650883741108,0.4572075688190867,0.8150918015720803,0.1399658393203328,0.4561592758860842,2.9467672140864103,0.1414264294750365,0.4503683056164139,2.817146045850675,0.14069613439768464,0.453263790751249,2.881956629968543,0,1,2,5,2023,122,2,18,0.0137352091652468,0.0135001351131219,0.013617672139184352,0.0142961896477978,0.01689889,0.17063382,0.4329429,1.0207348318317828
2023-05-03,1.5,15.0,atm-1.0%,0.8084914392175577,2.8591350005439766,2.830543650538537,0.0130436863228953,0.1327190683744405,0.4649321546036375,0.808932033335503,0.1364650883741108,0.4572075688190867,2.8658705529399726,0.1399658393203328,0.4561592758860842,2.9467672140864103,0.1382154638472218,0.4566834223525854,2.9063188835131912,0,2,2,5,2023,123,3,18,0.0132093569453022,0.0137352091652468,0.013472283055274502,0.0135001351131219,0.016168416,0.17063382,0.4332289,0.9777848047920352
2023-05-04,1.5,15.0,atm-1.0%,0.804658518808056,2.859668182741944,2.8310715009145246,0.0129910063670711,0.1334298829223413,0.4622372867260799,0.8050897701259956,0.1327190683744405,0.4649321546036375,2.8591350005439766,0.1364650883741108,0.4572075688190867,2.8658705529399726,0.13459207837427567,0.4610698617113621,2.862502776741975,0,3,2,5,2023,124,4,18,0.0130436863228953,0.0132093569453022,0.013126521634098751,0.0137352091652468,0.016168416,0.17146711,0.44835111,0.9792121360156107
2023-05-05,1.5,15.0,atm-1.0%,0.8133136655859732,2.893652525621037,2.8647160003648264,0.013223271684897,0.1348855198273893,0.4628030942714221,0.8137642690338861,0.1334298829223413,0.4622372867260799,2.859668182741944,0.1327190683744405,0.4649321546036375,2.8591350005439766,0.1330744756483909,0.4635847206648587,2.8594015916429605,0,4,2,5,2023,125,5,18,0.0129910063670711,0.0130436863228953,0.0130173463449832,0.0132093569453022,0.016168416,0.17165373,0.43298805,0.9718999944873088
2023-05-08,1.5,15.0,atm-1.0%,0.8295768538744734,2.9387878279970723,2.909399949717101,0.0142136203876363,0.2990265824846313,0.2069323875034158,0.812083975136596,0.1348855198273893,0.4628030942714221,2.893652525621037,0.1334298829223413,0.4622372867260799,2.859668182741944,0.1341577013748653,0.462520190498751,2.8766603541814906,0,0,2,5,2023,128,8,19,0.013223271684897,0.0129910063670711,0.013107139025984052,0.0130436863228953,0.01689889,0.17178403,0.40334952,1.0050537338506078
2023-05-09,1.5,15.0,atm-1.0%,0.8487373525248164,2.9419235177939385,2.912504282616,0.0140448316843565,0.1469673313248929,0.4511683982939542,0.8491333663657717,0.2990265824846313,0.2069323875034158,2.9387878279970723,0.1348855198273893,0.4628030942714221,2.893652525621037,0.2169560511560103,0.33486774088741894,2.9162201768090545,0,1,2,5,2023,129,9,19,0.0142136203876363,0.013223271684897,0.013718446036266652,0.0129910063670711,0.017065002,0.17538281,0.43872115,1.0179030432673732
2023-05-10,1.5,15.0,atm-1.0%,0.8562225250478219,2.897480794667826,2.868505986721148,0.014132175034243,0.1557386900929573,0.4424070980937735,0.8566034740380611,0.1469673313248929,0.4511683982939542,2.9419235177939385,0.2990265824846313,0.2069323875034158,2.9387878279970723,0.22299695690476212,0.329050392898685,2.9403556728955054,0,2,2,5,2023,130,10,19,0.0140448316843565,0.0142136203876363,0.0141292260359964,0.013223271684897,0.017125485,0.17097606,0.43068296,1.0285256419555668
2023-05-11,1.5,15.0,atm-1.0%,0.8475357498741922,2.841607814049128,2.8131917359086365,0.0138334335719403,0.1516194936452545,0.4412046849823764,0.8479087065079804,0.1557386900929573,0.4424070980937735,2.897480794667826,0.1469673313248929,0.4511683982939542,2.9419235177939385,0.1513530107089251,0.44678774819386385,2.9197021562308825,0,3,2,5,2023,131,11,19,0.014132175034243,0.0140448316843565,0.01408850335929975,0.0142136203876363,0.017094392,0.17146711,0.41370842,1.0349556904483408
2023-05-12,1.5,15.0,atm-1.0%,0.8555418583658161,2.8652217498464028,2.8365695323479385,0.0140418722694841,0.1547549398019241,0.4410083423495393,0.8559081519823868,0.1516194936452545,0.4412046849823764,2.841607814049128,0.1557386900929573,0.4424070980937735,2.897480794667826,0.1536790918691059,0.4418058915380749,2.869544304358477,0,4,2,5,2023,132,12,19,0.0138334335719403,0.014132175034243,0.01398280430309165,0.0140448316843565,0.017094392,0.17379417,0.43006283,1.0323257576153217
2023-05-15,1.5,15.0,atm-1.0%,0.8610325627357224,2.9140226204121333,2.884882394208012,0.0142278297070611,0.1531709977555118,0.4479346720915714,0.8614125807077723,0.1547549398019241,0.4410083423495393,2.8652217498464028,0.1516194936452545,0.4412046849823764,2.841607814049128,0.15318721672358931,0.4411065136659579,2.853414781947765,0,0,2,5,2023,135,15,20,0.0140418722694841,0.0138334335719403,0.013937652920712201,0.014132175034243,0.017094392,0.17379417,0.42989105,1.0236262000831535
2023-05-16,1.5,15.0,atm-1.0%,0.863899493627921,2.946604877851665,2.9171388290731484,0.0143675435775022,0.1523845370222704,0.4437903846607983,0.8642647705582311,0.1531709977555118,0.4479346720915714,2.9140226204121333,0.1547549398019241,0.4410083423495393,2.8652217498464028,0.15396296877871796,0.44447150722055534,2.889622185129268,0,1,2,5,2023,136,16,20,0.0142278297070611,0.0140418722694841,0.0141348509882726,0.0138334335719403,0.017125485,0.17379417,0.43006283,1.0198197332787318
2023-05-17,1.5,15.0,atm-1.0%,0.8613072868305389,2.960467739215761,2.930863061823604,0.0143405864685278,0.1503969923717961,0.4460022983923115,0.861676589704515,0.1523845370222704,0.4437903846607983,2.946604877851665,0.1531709977555118,0.4479346720915714,2.9140226204121333,0.1527777673888911,0.44586252837618484,2.930313749131899,0,2,2,5,2023,137,17,20,0.0143675435775022,0.0142278297070611,0.014297686642281652,0.0140418722694841,0.017125485,0.17090462,0.43353593,1.0178188544045954
2023-05-18,1.5,15.0,atm-1.0%,0.8624675931851183,2.993404931506234,2.963470882191172,0.0144377085761575,0.1495401482331686,0.44581428246925,0.8628343251224015,0.1503969923717961,0.4460022983923115,2.960467739215761,0.1523845370222704,0.4437903846607983,2.946604877851665,0.15139076469703325,0.4448963415265549,2.953536308533713,0,3,2,5,2023,138,18,20,0.0143405864685278,0.0143675435775022,0.014354065023015002,0.0142278297070611,0.017125485,0.17379417,0.43034884,1.0118442487096566
2023-05-19,1.5,15.0,atm-1.0%,0.8694451066391128,3.0428356848973404,3.0124073280483668,0.0146783468033382,0.1512539887942129,0.4485523887632902,0.8698177768834547,0.1495401482331686,0.44581428246925,2.993404931506234,0.1503969923717961,0.4460022983923115,2.960467739215761,0.14996857030248234,0.44590829043078073,2.9769363353609974,0,4,2,5,2023,139,19,20,0.0144377085761575,0.0143405864685278,0.014389147522342651,0.0143675435775022,0.017125485,0.17435665,0.42563543,1.0031105032436172
2023-05-22,1.5,15.0,atm-1.0%,0.8727272003576616,3.07368005045378,3.042943249949242,0.0153850492523246,0.3371449214618705,0.1953920946795416,0.8567282603356945,0.1512539887942129,0.4485523887632902,3.0428356848973404,0.1495401482331686,0.44581428246925,2.993404931506234,0.15039706851369075,0.4471833356162701,3.0181203082017873,0,0,2,5,2023,142,22,21,0.0146783468033382,0.0144377085761575,0.01455802768974785,0.0143405864685278,0.017125485,0.21087492,0.2965891,0.9869554469288901
2023-05-23,1.5,15.0,atm-1.0%,0.8607721025259412,3.057248801135899,3.02667631312454,0.0145602163064139,0.1497415027758928,0.4462504181917365,0.8611515082656925,0.3371449214618705,0.1953920946795416,3.07368005045378,0.1512539887942129,0.4485523887632902,3.0428356848973404,0.2441994551280417,0.3219722417214159,3.05825786767556,0,1,2,5,2023,143,23,21,0.0153850492523246,0.0146783468033382,0.0150316980278314,0.0144377085761575,0.017125485,0.18575868,0.43648344,1.001704330686618
2023-05-24,1.5,15.0,atm-1.0%,0.8394568477304543,3.058975522856118,3.028385767627557,0.0141400995105223,0.1447727035475912,0.4530713157812709,0.8398641700037499,0.1497415027758928,0.4462504181917365,3.057248801135899,0.3371449214618705,0.1953920946795416,3.07368005045378,0.24344321211888165,0.3208212564356391,3.0654644257948394,0,2,2,5,2023,144,24,21,0.0145602163064139,0.0153850492523246,0.014972632779369251,0.0146783468033382,0.017125485,0.18736383,0.41251847,0.999034608172667
2023-05-25,1.5,15.0,atm-1.0%,0.8453747774887128,3.110363241503645,3.0792596090886084,0.0149464399090213,0.3181551270966593,0.2024677416051291,0.8284169524545628,0.1447727035475912,0.4530713157812709,3.058975522856118,0.1497415027758928,0.4462504181917365,3.057248801135899,0.147257103161742,0.4496608669865037,3.0581121619960085,0,3,2,5,2023,145,25,21,0.0141400995105223,0.0145602163064139,0.014350157908468102,0.0153850492523246,0.017125485,0.21087492,0.2967609,0.9811291129766331
2023-05-26,1.5,15.0,atm-1.0%,0.8396343128440209,3.098359375577494,3.067375781821719,0.0142258439328169,0.1442934302521936,0.4548029155184108,0.8400426641151157,0.3181551270966593,0.2024677416051291,3.110363241503645,0.1447727035475912,0.4530713157812709,3.058975522856118,0.23146391532212524,0.3277695286932,3.0846693821798814,0,4,2,5,2023,146,26,21,0.0149464399090213,0.0141400995105223,0.014543269709771801,0.0145602163064139,0.017125485,0.19056234,0.45919725,0.997323579459646
2023-05-29,1.5,15.0,atm-1.0%,0.8578150868883135,3.097076457429172,3.06610569285488,0.0145489485223185,0.1445174624129354,0.4552420815122931,0.8582159599212208,0.1442934302521936,0.4548029155184108,3.098359375577494,0.3181551270966593,0.2024677416051291,3.110363241503645,0.23122427867442644,0.3286353285617699,3.1043613085405695,0,0,2,5,2023,149,29,22,0.0142258439328169,0.0149464399090213,0.014586141920919102,0.0141400995105223,0.017125485,0.191605,0.45465338,0.9970368419627004
2023-05-30,1.5,15.0,atm-1.0%,0.8533487739640239,3.015129586419641,2.9849782905554445,0.0142608401159847,0.1417663129705865,0.4563276056839443,0.8537519598841393,0.1445174624129354,0.4552420815122931,3.097076457429172,0.1442934302521936,0.4548029155184108,3.098359375577494,0.1444054463325645,0.4550224985153519,3.097717916503333,0,1,2,5,2023,150,30,22,0.0145489485223185,0.0142258439328169,0.014387396227567701,0.0149464399090213,0.017125485,0.18569382,0.42034158,1.0070560962050545
2023-05-31,1.5,15.0,atm-1.0%,0.8306776944925203,2.981274959394958,2.9514622098010084,0.0138093558697557,0.1392373581019201,0.4451069688735569,0.8310568906434991,0.1417663129705865,0.4563276056839443,3.015129586419641,0.1445174624129354,0.4552420815122931,3.097076457429172,0.14314188769176095,0.4557848435981187,3.0561030219244065,0,2,2,5,2023,151,31,22,0.0142608401159847,0.0145489485223185,0.0144048943191516,0.0142258439328169,0.017125485,0.23188692,0.42358086,1.012473691778574
2023-06-01,1.5,15.0,atm-1.0%,0.8302266877129381,2.9710337433627245,2.941323405929097,0.0137959945273426,0.1395609990443627,0.4400983193951561,0.8305920363042806,0.1392373581019201,0.4451069688735569,2.981274959394958,0.1417663129705865,0.4563276056839443,3.015129586419641,0.14050183553625328,0.4507172872787506,2.9982022729072995,0,3,2,6,2023,152,1,22,0.0138093558697557,0.0142608401159847,0.0140350979928702,0.0145489485223185,0.017094392,0.17085634,0.42477843,1.0132689669062274
2023-06-02,1.5,15.0,atm-1.0%,0.8457648049058113,3.0287114663667865,2.9984243517031186,0.0142077179877492,0.1404183902146441,0.4403656844691921,0.8461230183159036,0.1395609990443627,0.4400983193951561,2.9710337433627245,0.1392373581019201,0.4451069688735569,2.981274959394958,0.13939917857314138,0.44260264413435646,2.9761543513788413,0,4,2,6,2023,153,2,22,0.0137959945273426,0.0138093558697557,0.013802675198549151,0.0142608401159847,0.01692828,0.17374589,0.42240736,0.9935552358714664
2023-06-05,1.5,15.0,atm-1.0%,0.8502878354808495,3.023613775213113,2.993377637460982,0.0143069959363524,0.1420394205240109,0.4329296522447248,0.8506213249731375,0.1404183902146441,0.4403656844691921,3.0287114663667865,0.1395609990443627,0.4400983193951561,2.9710337433627245,0.1399896946295034,0.4402320019321741,2.9998726048647555,0,0,2,6,2023,156,5,23,0.0142077179877492,0.0137959945273426,0.014001856257545901,0.0138093558697557,0.017094392,0.18858336,0.4078512,1.0025752389435685
2023-06-06,1.5,15.0,atm-1.0%,0.8561957129798495,3.000876206015058,2.970867443954907,0.0148774385400588,0.3093532326295427,0.1936565751370624,0.8411142527355997,0.1420394205240109,0.4329296522447248,3.023613775213113,0.1404183902146441,0.4403656844691921,3.0287114663667865,0.1412289053693275,0.43664766835695845,3.0261626207899495,0,1,2,6,2023,157,6,23,0.0143069959363524,0.0142077179877492,0.0142573569620508,0.0137959945273426,0.017125485,0.18858336,0.37553152,1.0052246006929877
2023-06-07,1.5,15.0,atm-1.0%,0.8395805254559576,3.0720332882538366,3.041312955371298,0.0142520408942961,0.1435099638376036,0.4279772901430896,0.8399128673907965,0.3093532326295427,0.1936565751370624,3.000876206015058,0.1420394205240109,0.4329296522447248,3.023613775213113,0.2256963265767768,0.3132931136908936,3.0122449906140853,0,2,2,6,2023,158,7,23,0.0148774385400588,0.0143069959363524,0.0145922172382056,0.0142077179877492,0.017125485,0.18715225,0.39198917,0.9949930722816204
2023-06-08,1.5,15.0,atm-1.0%,0.835291349565897,3.011964861544444,2.981845212929,0.0140227162877656,0.1423624523921445,0.4307175808242122,0.8356298936745558,0.1435099638376036,0.4279772901430896,3.0720332882538366,0.3093532326295427,0.1936565751370624,3.000876206015058,0.22643159823357312,0.310816932640076,3.036454747134447,0,3,2,6,2023,159,8,23,0.0142520408942961,0.0148774385400588,0.01456473971717745,0.0143069959363524,0.017125485,0.18520276,0.40599966,1.0061992154207147
2023-06-09,1.5,15.0,atm-1.0%,0.8430339705822748,3.02244261621074,2.9922181900486327,0.0141998184593232,0.1451834515281422,0.4293496019648283,0.8433679846719656,0.1423624523921445,0.4307175808242122,3.011964861544444,0.1435099638376036,0.4279772901430896,3.0720332882538366,0.142936208114874,0.4293474354836509,3.0419990748991403,0,4,2,6,2023,160,9,23,0.0140227162877656,0.0142520408942961,0.014137378591030852,0.0148774385400588,0.017125485,0.17374589,0.3811886,1.0022662777644455
2023-06-12,1.5,15.0,atm-1.0%,0.831820468933178,3.033701179776915,3.0033641679791456,0.0139990566693479,0.1415601419136259,0.4335527579111475,0.8321689198880584,0.1451834515281422,0.4293496019648283,3.02244261621074,0.1423624523921445,0.4307175808242122,3.011964861544444,0.14377295196014334,0.43003359139452024,3.0172037388775923,0,0,2,6,2023,163,12,24,0.0141998184593232,0.0140227162877656,0.0141112673735444,0.0142520408942961,0.017125485,0.1893985,0.3777947,0.999962362227686
2023-06-13,1.5,15.0,atm-1.0%,0.8570324690981364,3.075722580970361,3.044965355160657,0.0150814068133218,0.312911657623546,0.194038614249161,0.8418313083248887,0.1415601419136259,0.4335527579111475,3.033701179776915,0.1451834515281422,0.4293496019648283,3.02244261621074,0.14337179672088401,0.43145117993798787,3.0280718979938275,0,1,2,6,2023,164,13,24,0.0139990566693479,0.0141998184593232,0.01409943756433555,0.0140227162877656,0.017125485,0.20552568,0.28973943,0.9861990073935663
2023-06-14,1.5,15.0,atm-1.0%,0.8561938643041266,3.024186231656825,2.993944369340257,0.0149340388525318,0.309547247626486,0.194108388083526,0.841010429415332,0.312911657623546,0.194038614249161,3.075722580970361,0.1415601419136259,0.4335527579111475,3.033701179776915,0.22723589976858594,0.31379568608015423,3.054711880373638,0,2,2,6,2023,165,14,24,0.0150814068133218,0.0139990566693479,0.014540231741334852,0.0141998184593232,0.017125485,0.24152024,0.28607133,0.9940982250252991
2023-06-15,1.5,15.0,atm-1.0%,0.8622310754956493,3.0039994726170782,2.9739594778909075,0.0150087377429516,0.3209886393589896,0.1934692721029094,0.8470036274227942,0.309547247626486,0.194108388083526,3.024186231656825,0.312911657623546,0.194038614249161,3.075722580970361,0.311229452625016,0.1940735011663435,3.049954406313593,0,3,2,6,2023,166,15,24,0.0149340388525318,0.0150814068133218,0.015007722832926802,0.0139990566693479,0.017125485,0.27944043,0.24480262,0.9947434723596769
2023-06-16,1.5,15.0,atm-1.0%,0.8701912377465459,3.013361409590912,2.983227795495003,0.0151826994424451,0.3240066565729941,0.1902818161029859,0.8555313881309926,0.3209886393589896,0.1934692721029094,3.0039994726170782,0.309547247626486,0.194108388083526,3.024186231656825,0.3152679434927378,0.1937888300932177,3.014092852136952,0,4,2,6,2023,167,16,24,0.0150087377429516,0.0149340388525318,0.014971388297741701,0.0150814068133218,0.017125485,0.25695387,0.32245535,0.99825098769682
2023-06-19,1.5,15.0,atm-1.0%,0.8634720896452933,3.0129577124290905,2.9828281353047994,0.0150501587878733,0.3184342906210367,0.1927135239659533,0.8484129639259926,0.3240066565729941,0.1902818161029859,3.013361409590912,0.3209886393589896,0.1934692721029094,3.0039994726170782,0.32249764796599184,0.19187554410294766,3.008680441103995,0,0,2,6,2023,170,19,25,0.0151826994424451,0.0150087377429516,0.015095718592698351,0.0149340388525318,0.017125485,0.25695387,0.32245535,0.9983178721148382
2023-06-20,1.5,15.0,atm-1.0%,0.8591524494740411,2.9761049332078864,2.946343883875808,0.0143313158602539,0.1422210701273447,0.4388682842425352,0.8595052284073227,0.3184342906210367,0.1927135239659533,3.0129577124290905,0.3240066565729941,0.1902818161029859,3.013361409590912,0.3212204735970154,0.1914976700344696,3.013159561010001,0,1,2,6,2023,171,20,25,0.0150501587878733,0.0151826994424451,0.015116429115159202,0.0150087377429516,0.017125485,0.25695387,0.32245535,1.0044808428562317
2023-06-21,1.5,15.0,atm-1.0%,0.852174185856343,2.971283216454488,2.941570384289943,0.0141836825448406,0.1401512650019594,0.4404415376456148,0.8525295603050311,0.1422210701273447,0.4388682842425352,2.9761049332078864,0.3184342906210367,0.1927135239659533,3.0129577124290905,0.23032768037419069,0.31579090410424426,2.9945313228184887,0,2,2,6,2023,172,21,25,0.0143313158602539,0.0150501587878733,0.014690737324063601,0.0151826994424451,0.017125485,0.18412162,0.36858413,1.0096475634003268
2023-06-22,1.5,15.0,atm-1.0%,0.8553090447569898,3.0253261087888355,2.995072847700947,0.0143692728860128,0.1403903258592783,0.4402388794951573,0.8556619100655934,0.1401512650019594,0.4404415376456148,2.971283216454488,0.1422210701273447,0.4388682842425352,2.9761049332078864,0.14118616756465205,0.439654910944075,2.973694074831187,0,3,2,6,2023,173,22,25,0.0141836825448406,0.0143313158602539,0.01425749920254725,0.0150501587878733,0.017125485,0.18750222,0.41314948,1.0046353832394335
2023-06-23,1.5,15.0,atm-1.0%,0.8549525758467522,2.981207345006417,2.951395271556353,0.0142605702618972,0.1406661739809605,0.4397552813182557,0.8553056123832441,0.1403903258592783,0.4402388794951573,3.0253261087888355,0.1401512650019594,0.4404415376456148,2.971283216454488,0.14027079543061885,0.440340208570386,2.9983046626216616,0,4,2,6,2023,174,23,25,0.0143692728860128,0.0141836825448406,0.0142764777154267,0.0143313158602539,0.017125485,0.2120646,0.40802297,1.0112613731095106
2023-06-26,1.5,15.0,atm-1.0%,0.8653674737467367,2.9790353598074404,2.949245006209366,0.0149800153302886,0.3121378159428628,0.194696888187292,0.8498371406936415,0.1406661739809605,0.4397552813182557,2.981207345006417,0.1403903258592783,0.4402388794951573,3.0253261087888355,0.14052824992011942,0.4399970804067065,3.0032667268976265,0,0,2,6,2023,177,26,26,0.0142605702618972,0.0143692728860128,0.014314921573955001,0.0141836825448406,0.017125485,0.18750222,0.4122434,1.01232367158598
2023-06-27,1.5,15.0,atm-1.0%,1.006129245095967,2.995951970085622,2.965992450384765,0.0176427124048227,0.4197539614076398,0.179128199444576,0.9914008069401644,0.3121378159428628,0.194696888187292,2.9790353598074404,0.1406661739809605,0.4397552813182557,2.981207345006417,0.22640199496191163,0.31722608475277386,2.980121352406929,0,1,2,6,2023,178,27,26,0.0149800153302886,0.0142605702618972,0.0146202927960929,0.0143692728860128,0.017125485,0.19626553,0.34087753,1.003072919592684
2023-06-28,1.5,15.0,atm-1.0%,1.0102343768835822,2.9553672719069315,2.925813599187862,0.0176016428847664,0.4248200602629832,0.1786752640913609,0.9955398404937256,0.4197539614076398,0.179128199444576,2.995951970085622,0.3121378159428628,0.194696888187292,2.9790353598074404,0.36594588867525124,0.186912543815934,2.9874936649465313,0,2,2,6,2023,179,28,26,0.0176427124048227,0.0149800153302886,0.01631136386755565,0.0142605702618972,0.017125485,0.205928,0.3241772,1.0085580063278987
2023-06-29,1.5,15.0,atm-1.0%,1.0203857180476577,3.052031079168991,3.021510768377301,0.0180755411376664,0.4316832707423164,0.1776401636632456,1.0057840442455477,0.4248200602629832,0.1786752640913609,2.9553672719069315,0.4197539614076398,0.179128199444576,2.995951970085622,0.4222870108353115,0.17890173176796845,2.975659620996277,0,3,2,6,2023,180,29,26,0.0176016428847664,0.0176427124048227,0.01762217764479455,0.0149800153302886,0.017125485,0.22303891,0.3750643,0.9963793851341987
2023-06-30,1.5,15.0,atm-1.0%,1.0141191738776048,3.0154571390241687,2.985302567633927,0.0178600908090427,0.4322371407524286,0.1779569879171288,0.9995253060958192,0.4316832707423164,0.1776401636632456,3.052031079168991,0.4248200602629832,0.1786752640913609,2.9553672719069315,0.4282516655026498,0.17815771387730323,3.003699175537961,0,4,2,6,2023,181,30,26,0.0180755411376664,0.0176016428847664,0.0178385920112164,0.0176427124048227,0.017125485,0.26352388,0.32585758,0.9980873211689828
2023-07-03,1.5,15.0,atm-1.0%,1.0195744774505295,3.044853574095629,3.0144050383546728,0.018039338991198,0.4317410139515309,0.1781139989686538,1.0048563826546233,0.4322371407524286,0.1779569879171288,3.0154571390241687,0.4316832707423164,0.1776401636632456,3.052031079168991,0.4319602057473725,0.1777985757901872,3.0337441090965798,0,0,3,7,2023,184,3,27,0.0178600908090427,0.0180755411376664,0.017967815973354548,0.0176016428847664,0.017125485,0.2725423,0.37040973,0.996571155679915
2023-07-04,1.5,15.0,atm-1.0%,1.0134268795936527,3.044339878686456,3.0138964798995915,0.0179164374988405,0.4243177348396522,0.1796481246493489,0.9984357294668844,0.4317410139515309,0.1781139989686538,3.044853574095629,0.4322371407524286,0.1779569879171288,3.0154571390241687,0.4319890773519798,0.1780354934428913,3.0301553565598986,0,1,3,7,2023,185,4,27,0.018039338991198,0.0178600908090427,0.017949714900120352,0.0180755411376664,0.017125485,0.2822672,0.36467552,0.9960672493386425
2023-07-05,1.5,15.0,atm-1.0%,1.0196721494246144,3.1191428695829835,3.087951440887154,0.0182516173085011,0.4280991682678535,0.1789939099259345,1.0047387146497735,0.4243177348396522,0.1796481246493489,3.044339878686456,0.4317410139515309,0.1781139989686538,3.044853574095629,0.4280293743955915,0.17888106180900135,3.0445967263910427,0,2,3,7,2023,186,5,27,0.0179164374988405,0.018039338991198,0.017977888245019252,0.0178600908090427,0.017125485,0.2834384,0.2838692,0.9784064015595056
2023-07-06,1.5,15.0,atm-1.0%,1.0246625145917283,3.190575662886023,3.158669906257163,0.0178723632675895,0.170552490286447,0.463436552719046,1.025013312446836,0.4280991682678535,0.1789939099259345,3.1191428695829835,0.4243177348396522,0.1796481246493489,3.044339878686456,0.42620845155375287,0.17932101728764172,3.0817413741347197,0,3,3,7,2023,187,6,27,0.0182516173085011,0.0179164374988405,0.0180840274036708,0.018039338991198,0.017125485,0.2834384,0.38586968,0.9746404426418174
2023-07-07,1.5,15.0,atm-1.0%,1.024911936532765,3.222016367057217,3.1897962033866447,0.0186323762998161,0.4233989319567284,0.1798308485122202,1.0096910467023852,0.170552490286447,0.463436552719046,3.190575662886023,0.4280991682678535,0.1789939099259345,3.1191428695829835,0.29932582927715023,0.32121523132249025,3.154859266234503,0,4,3,7,2023,188,7,27,0.0178723632675895,0.0182516173085011,0.018061990288045303,0.0179164374988405,0.017125485,0.28438348,0.34891143,0.9669952044225171
2023-07-10,1.5,15.0,atm-1.0%,1.0186659009521832,3.2117171952000136,3.179600023248013,0.0184766688902091,0.415456016167131,0.1806053290876721,1.0033647921793811,0.4233989319567284,0.1798308485122202,3.222016367057217,0.170552490286447,0.463436552719046,3.190575662886023,0.2969757111215877,0.3216337006156331,3.20629601497162,0,0,3,7,2023,191,10,28,0.0186323762998161,0.0178723632675895,0.0182523697837028,0.0182516173085011,0.017125485,0.25294036,0.43296668,0.9760277904587149
2023-07-11,1.5,15.0,atm-1.0%,1.0142676047992218,3.1742094151220104,3.1424673209707903,0.0182896315108734,0.4141247013079011,0.1804261436883862,0.999092319034849,0.415456016167131,0.1806053290876721,3.2117171952000136,0.4233989319567284,0.1798308485122202,3.222016367057217,0.4194274740619297,0.18021808879994616,3.2168667811286156,0,1,3,7,2023,192,11,28,0.0184766688902091,0.0186323762998161,0.0185545225950126,0.0178723632675895,0.017125485,0.2834384,0.38586968,0.9771503326362362
2023-07-12,1.5,15.0,atm-1.0%,1.000289938585606,3.099736203785563,3.068738841747708,0.0178004734667058,0.4000752679745938,0.1832653655373021,0.9846493126103868,0.4141247013079011,0.1804261436883862,3.1742094151220104,0.415456016167131,0.1806053290876721,3.2117171952000136,0.414790358737516,0.18051573638802915,3.192963305161012,0,2,3,7,2023,193,12,28,0.0182896315108734,0.0184766688902091,0.01838315020054125,0.0186323762998161,0.017125485,0.2834384,0.38586968,0.9888213264551695
2023-07-13,1.5,15.0,atm-1.0%,0.993383172659674,3.041823536216713,3.011405300854546,0.0175063016554114,0.3953500390978137,0.1835232778419407,0.9778122090158348,0.4000752679745938,0.1832653655373021,3.099736203785563,0.4141247013079011,0.1804261436883862,3.1742094151220104,0.4070999846412474,0.18184575461284413,3.1369728094537868,0,3,3,7,2023,194,13,28,0.0178004734667058,0.0182896315108734,0.018045052488789598,0.0184766688902091,0.017125485,0.2822672,0.3581559,0.9959666191055525
2023-07-14,1.5,15.0,atm-1.0%,1.011010089977504,3.0662751643762016,3.03561241273244,0.0179019992838038,0.4058149943945388,0.1818846840315098,0.9955323056001772,0.3953500390978137,0.1835232778419407,3.041823536216713,0.4000752679745938,0.1832653655373021,3.099736203785563,0.3977126535362037,0.1833943216896214,3.070779870001138,0,4,3,7,2023,195,14,28,0.0175063016554114,0.0178004734667058,0.017653387561058602,0.0182896315108734,0.017125485,0.2822672,0.3678664,0.9927506018573279
2023-07-17,1.5,15.0,atm-1.0%,1.0076399993247327,3.051675733137353,3.02115897580598,0.0178196474086189,0.4175750075350857,0.1827586311628694,0.9919434453383156,0.4058149943945388,0.1818846840315098,3.0662751643762016,0.3953500390978137,0.1835232778419407,3.041823536216713,0.4005825167461762,0.18270398093672524,3.0540493502964576,0,0,3,7,2023,198,17,29,0.0179019992838038,0.0175063016554114,0.0177041504696076,0.0178004734667058,0.017125485,0.27996537,0.3599357,0.9945254320729288
2023-07-18,1.5,15.0,atm-1.0%,1.00725203360805,3.029093635052588,2.998802698702062,0.0177409155513153,0.414264935496049,0.1828904078428108,0.9915394142560984,0.4175750075350857,0.1827586311628694,3.051675733137353,0.4058149943945388,0.1818846840315098,3.0662751643762016,0.4116950009648122,0.1823216575971896,3.0589754487567773,0,1,3,7,2023,199,18,29,0.0178196474086189,0.0179019992838038,0.01786082334621135,0.0175063016554114,0.017125485,0.27996537,0.35700297,0.9979966666839754
2023-07-19,1.5,15.0,atm-1.0%,1.0059016905672673,2.984541074458955,2.9546956637143653,0.0175788434775136,0.4106157066089442,0.1836162734902473,0.990024851393188,0.414264935496049,0.1828904078428108,3.029093635052588,0.4175750075350857,0.1827586311628694,3.051675733137353,0.4159199715155673,0.1828245195028401,3.0403846840949704,0,2,3,7,2023,200,19,29,0.0177409155513153,0.0178196474086189,0.0177802814799671,0.0179019992838038,0.017125485,0.28620076,0.32413566,1.0028893208708363
2023-07-20,1.5,15.0,atm-1.0%,1.013898722796192,3.0684052593441065,3.0377212067506654,0.0179758798340457,0.416359114661921,0.1819564532669761,0.9983104341744422,0.4106157066089442,0.1836162734902473,2.984541074458955,0.414264935496049,0.1828904078428108,3.029093635052588,0.41244032105249656,0.18325334066652904,3.0068173547557713,0,3,3,7,2023,201,20,29,0.0175788434775136,0.0177409155513153,0.01765987951441445,0.0178196474086189,0.017125485,0.27024046,0.37582088,0.9932103921884311
2023-07-21,1.5,15.0,atm-1.0%,1.0112543550688742,3.063181644274581,3.032549827831835,0.0179128247017592,0.4153307879197753,0.182174141098879,0.9956575676361896,0.416359114661921,0.1819564532669761,3.0684052593441065,0.4106157066089442,0.1836162734902473,2.984541074458955,0.4134874106354326,0.1827863633786117,3.026473166901531,0,4,3,7,2023,202,21,29,0.0179758798340457,0.0175788434775136,0.01777736165577965,0.0177409155513153,0.017125485,0.27996537,0.37008673,0.9934604347533016
2023-07-24,1.5,15.0,atm-1.0%,1.0146990468903607,3.078126142865661,3.0473448814370045,0.0180161770019812,0.4155307250112355,0.1821681463100289,0.9990450973200494,0.4153307879197753,0.182174141098879,3.063181644274581,0.416359114661921,0.1819564532669761,3.0684052593441065,0.4158449512908481,0.18206529718292755,3.065793451809344,0,0,3,7,2023,205,24,30,0.0179128247017592,0.0179758798340457,0.01794435226790245,0.0175788434775136,0.017125485,0.2699136,0.28164887,0.9848705218574866
2023-07-25,1.5,15.0,atm-1.0%,1.0061032354381685,3.1193196340318536,3.088126437691535,0.0179732471282799,0.4104037287132631,0.1840989996512247,0.9900945531379995,0.4155307250112355,0.1821681463100289,3.078126142865661,0.4153307879197753,0.182174141098879,3.063181644274581,0.41543075646550537,0.18217114370445395,3.070653893570121,0,1,3,7,2023,206,25,30,0.0180161770019812,0.0179128247017592,0.0179645008518702,0.0179758798340457,0.017125485,0.23393504,0.38586968,0.9863715045109147
2023-07-26,1.5,15.0,atm-1.0%,0.9906957489444856,3.0883479778147733,3.0574644980366257,0.0175937175587052,0.4007378577838331,0.1868787572421248,0.9742600601498846,0.4104037287132631,0.1840989996512247,3.1193196340318536,0.4155307250112355,0.1821681463100289,3.078126142865661,0.4129672268622493,0.1831335729806268,3.0987228884487577,0,2,3,7,2023,207,26,30,0.0179732471282799,0.0180161770019812,0.01799471206513055,0.0179128247017592,0.017125485,0.23393504,0.38759154,0.9914555472913483
2023-07-27,1.5,15.0,atm-1.0%,0.9973091299687404,3.2076859271211107,3.1756090678499,0.0173379555559119,0.1626853985572919,0.4791640562773264,0.997713393229363,0.4007378577838331,0.1868787572421248,3.0883479778147733,0.4104037287132631,0.1840989996512247,3.1193196340318536,0.40557079324854806,0.18548887844667475,3.1038338059233137,0,3,3,7,2023,208,27,30,0.0175937175587052,0.0179732471282799,0.01778348234349255,0.0180161770019812,0.017125485,0.23393504,0.38759154,0.9728347833181381
2023-07-28,1.5,15.0,atm-1.0%,0.9851799477816704,3.18153582189206,3.14972046367314,0.0177472474594129,0.3957271237107121,0.1883764530455541,0.9684562084435532,0.1626853985572919,0.4791640562773264,3.2076859271211107,0.4007378577838331,0.1868787572421248,3.0883479778147733,0.28171162817056244,0.3330214067597256,3.148016952467942,0,4,3,7,2023,209,28,30,0.0173379555559119,0.0175937175587052,0.01746583655730855,0.0179732471282799,0.017125485,0.26757684,0.34506533,0.9730341402391401
2023-07-31,1.5,15.0,atm-1.0%,0.9790956282470384,3.169855215175546,3.1381566630237905,0.0175975985886439,0.3909696835790409,0.1891445156904508,0.962301421451718,0.3957271237107121,0.1883764530455541,3.18153582189206,0.1626853985572919,0.4791640562773264,3.2076859271211107,0.279206261134002,0.3337702546614402,3.1946108745065853,0,0,3,7,2023,212,31,31,0.0177472474594129,0.0173379555559119,0.0175426015076624,0.0175937175587052,0.017125485,0.29566938,0.44637117,0.9829305744632262
2023-08-01,1.5,15.0,atm-1.0%,0.9785110626601902,3.249641446563366,3.217145032097732,0.0170980123713052,0.1604743872591657,0.4792685881518017,0.9789263139474356,0.3909696835790409,0.1891445156904508,3.169855215175546,0.3957271237107121,0.1883764530455541,3.18153582189206,0.39334840364487644,0.18876048436800244,3.1756955185338027,0,1,3,8,2023,213,1,31,0.0175975985886439,0.0177472474594129,0.0176724230240284,0.0173379555559119,0.017125485,0.2834384,0.38586968,0.9657405161031106
2023-08-02,1.5,15.0,atm-1.0%,0.984461664750832,3.2877607090146443,3.2548831019244977,0.0173301786999417,0.1624233310826875,0.475285760914784,0.9848663426110402,0.1604743872591657,0.4792685881518017,3.249641446563366,0.3909696835790409,0.1891445156904508,3.169855215175546,0.2757220354191033,0.33420655192112625,3.2097483308694557,0,2,3,8,2023,214,2,31,0.0170980123713052,0.0175975985886439,0.01734780547997455,0.0177472474594129,0.017125485,0.28438348,0.34506533,0.9569975989150061
2023-08-03,1.5,15.0,atm-1.0%,0.9904909672234272,3.417517389541364,3.3833422156459507,0.0177861400890003,0.1622644623433097,0.4737466417943267,0.9908886531772864,0.1624233310826875,0.475285760914784,3.2877607090146443,0.1604743872591657,0.4792685881518017,3.249641446563366,0.1614488591709266,0.4772771745332928,3.268701077789005,0,3,3,8,2023,215,3,31,0.0173301786999417,0.0170980123713052,0.01721409553562345,0.0175975985886439,0.017125485,0.23061022,0.4314524,0.9463740518285524
2023-08-04,1.5,15.0,atm-1.0%,0.9867597392404416,3.3146487118377865,3.281502224719409,0.0181725703585435,0.4039822008410407,0.1832006339265399,0.9713543680893642,0.1622644623433097,0.4737466417943267,3.417517389541364,0.1624233310826875,0.475285760914784,3.2877607090146443,0.1623438967129986,0.4745162013545553,3.3526390492780043,0,4,3,8,2023,216,4,31,0.0177861400890003,0.0173301786999417,0.017558159394471,0.0170980123713052,0.017125485,0.23061022,0.4314524,0.9609495449011735
2023-08-07,1.5,15.0,atm-1.0%,0.9798371215668886,3.3368093980965208,3.303441304115556,0.0180861739606093,0.3916557881687043,0.1834169510511494,0.9645426738415728,0.4039822008410407,0.1832006339265399,3.3146487118377865,0.1622644623433097,0.4737466417943267,3.417517389541364,0.28312333159217523,0.32847363786043327,3.3660830506895754,0,0,3,8,2023,219,7,32,0.0181725703585435,0.0177861400890003,0.0179793552237719,0.0173301786999417,0.017125485,0.25294036,0.4282257,0.9571200340370272
2023-08-08,1.5,15.0,atm-1.0%,0.981725708149051,3.279726177971868,3.2469289161921493,0.017972596471966,0.395964718588407,0.183248512338708,0.9664274847843008,0.3916557881687043,0.1834169510511494,3.3368093980965208,0.4039822008410407,0.1832006339265399,3.3146487118377865,0.3978189945048725,0.18330879248884463,3.3257290549671534,0,1,3,8,2023,220,8,32,0.0180861739606093,0.0181725703585435,0.0181293721595764,0.0177861400890003,0.017125485,0.2834384,0.38586968,0.9613001127068529
2023-08-09,1.5,15.0,atm-1.0%,0.9751739734987064,3.258443638242757,3.2258592018603296,0.0177836150582075,0.3899456907337655,0.1845974589564477,0.9596630545037068,0.395964718588407,0.183248512338708,3.279726177971868,0.3916557881687043,0.1834169510511494,3.3368093980965208,0.3938102533785557,0.1833327316949287,3.308267788034194,0,2,3,8,2023,221,9,32,0.017972596471966,0.0180861739606093,0.01802938521628765,0.0181725703585435,0.017125485,0.2834384,0.38586968,0.9644349797538497
2023-08-10,1.5,15.0,atm-1.0%,0.9785462893443796,3.328830893555553,3.295542584619997,0.0180361940457818,0.3892813253246204,0.1837655127188903,0.9631948584356196,0.3899456907337655,0.1845974589564477,3.258443638242757,0.395964718588407,0.183248512338708,3.279726177971868,0.39295520466108624,0.1839229856475778,3.2690849081073123,0,3,3,8,2023,222,10,32,0.0177836150582075,0.017972596471966,0.01787810576508675,0.0180861739606093,0.017125485,0.2834384,0.38586968,0.9541821712889972
2023-08-11,1.5,15.0,atm-1.0%,0.9787914534258564,3.380572799286326,3.3467670712934625,0.0181831104700579,0.3881071694820988,0.1819821712095591,0.963901498359997,0.3892813253246204,0.1837655127188903,3.328830893555553,0.3899456907337655,0.1845974589564477,3.258443638242757,0.389613508029193,0.18418148583766897,3.293637265899155,0,4,3,8,2023,223,11,32,0.0180361940457818,0.0177836150582075,0.01790990455199465,0.017972596471966,0.017125485,0.2834384,0.38586968,0.9468504221455447
2023-08-14,1.5,15.0,atm-1.0%,0.9812497823371537,3.386984092015944,3.3531142510957843,0.0182494476181819,0.3892885649068388,0.181061701726665,0.9665505188343068,0.3881071694820988,0.1819821712095591,3.380572799286326,0.3892813253246204,0.1837655127188903,3.328830893555553,0.3886942474033596,0.18287384196422468,3.3547018464209395,0,0,3,8,2023,226,14,33,0.0181831104700579,0.0180361940457818,0.01810965225791985,0.0177836150582075,0.017125485,0.2834384,0.38586968,0.9459536705220671
2023-08-15,1.5,15.0,atm-1.0%,0.9947779739417244,3.425105977692284,3.390854917915361,0.0180043685811464,0.1665302477844794,0.444286911631026,0.995104479983766,0.3892885649068388,0.181061701726665,3.386984092015944,0.3881071694820988,0.1819821712095591,3.380572799286326,0.3886978671944688,0.18152193646811202,3.383778445651135,0,1,3,8,2023,227,15,33,0.0182494476181819,0.0181831104700579,0.0182162790441199,0.0180361940457818,0.017125485,0.2834384,0.38586968,0.9406736458235998
2023-08-16,1.5,15.0,atm-1.0%,0.9826978231371704,3.4565287384069387,3.421963451022869,0.0184758679947961,0.3938522958211816,0.1790988845679519,0.968460456632546,0.1665302477844794,0.444286911631026,3.425105977692284,0.3892885649068388,0.181061701726665,3.386984092015944,0.2779094063456591,0.3126743066788455,3.406045034854114,0,2,3,8,2023,228,16,33,0.0180043685811464,0.0182494476181819,0.01812690809966415,0.0181831104700579,0.017125485,0.28438348,0.33963773,0.9329596479249673
2023-08-17,1.5,15.0,atm-1.0%,0.9870371315516429,3.516001586364788,3.48084157050114,0.0187292984735149,0.4037047539896174,0.1800750868942558,0.9724364884661968,0.3938522958211816,0.1790988845679519,3.4565287384069387,0.1665302477844794,0.444286911631026,3.425105977692284,0.28019127180283054,0.3116928980994889,3.4408173580496113,0,3,3,8,2023,229,17,33,0.0184758679947961,0.0180043685811464,0.01824011828797125,0.0182494476181819,0.017125485,0.25352806,0.3690876,0.9275104431338091
2023-08-18,1.5,15.0,atm-1.0%,0.9856253142815398,3.481110413557837,3.4462993094222587,0.0186088666681672,0.4034945485184064,0.1804677815023993,0.970948780896464,0.4037047539896174,0.1800750868942558,3.516001586364788,0.3938522958211816,0.1790988845679519,3.4565287384069387,0.39877852490539956,0.17958698573110382,3.4862651623858634,0,4,3,8,2023,230,18,33,0.0187292984735149,0.0184758679947961,0.0186025832341555,0.0180043685811464,0.017125485,0.28113657,0.38586968,0.9331066128556001
2023-08-21,1.5,15.0,atm-1.0%,0.9914102491685884,3.557932754050128,3.522353426509627,0.0182733953920542,0.1678370749536386,0.4500007354239624,0.9917510613877212,0.4034945485184064,0.1804677815023993,3.481110413557837,0.4037047539896174,0.1800750868942558,3.516001586364788,0.4035996512540119,0.18027143419832753,3.4985559999613125,0,0,3,8,2023,233,21,34,0.0186088666681672,0.0187292984735149,0.01866908257084105,0.0184758679947961,0.017125485,0.28113657,0.38586968,0.9229760265544371
2023-08-22,1.5,15.0,atm-1.0%,0.984557126244022,3.522590612881065,3.4873647067522544,0.0187057230856553,0.4050165444647693,0.1792480195904556,0.9702089785972496,0.1678370749536386,0.4500007354239624,3.557932754050128,0.4034945485184064,0.1804677815023993,3.481110413557837,0.2856658117360225,0.3152342584631808,3.5195215838039826,0,1,3,8,2023,234,22,34,0.0182733953920542,0.0186088666681672,0.018441131030110698,0.0187292984735149,0.017125485,0.28438348,0.34382507,0.9244572080788842
2023-08-23,1.5,15.0,atm-1.0%,0.9808212568590954,3.408015659653392,3.373935503056858,0.0177096825744678,0.168619590326626,0.4439883039345227,0.981150299780406,0.4050165444647693,0.1792480195904556,3.522590612881065,0.1678370749536386,0.4500007354239624,3.557932754050128,0.286426809709204,0.314624377507209,3.5402616834655967,0,2,3,8,2023,235,23,34,0.0187057230856553,0.0182733953920542,0.01848955923885475,0.0186088666681672,0.017125485,0.2394154,0.4401303,0.9483697523864097
2023-08-24,1.5,15.0,atm-1.0%,0.9829613477843032,3.432587408993979,3.398261534904039,0.01844784210445,0.4082945044299335,0.1767811557139547,0.9692397233781476,0.168619590326626,0.4439883039345227,3.408015659653392,0.4050165444647693,0.1792480195904556,3.522590612881065,0.2868180673956977,0.31161816176248913,3.4653031362672286,0,3,3,8,2023,236,24,34,0.0177096825744678,0.0187057230856553,0.01820770283006155,0.0182733953920542,0.017125485,0.28438348,0.33963773,0.9362081050576065
2023-08-25,1.5,15.0,atm-1.0%,0.9827619879580538,3.425741899602961,3.391484480606932,0.0184345000880447,0.4110518354786072,0.175126547961095,0.9694448987861096,0.4082945044299335,0.1767811557139547,3.432587408993979,0.168619590326626,0.4439883039345227,3.408015659653392,0.28845704737827976,0.3103847298242387,3.4203015343236856,0,4,3,8,2023,237,25,34,0.01844784210445,0.0177096825744678,0.0180787623394589,0.0187057230856553,0.017125485,0.22549826,0.37206197,0.9401890696213037
2023-08-28,1.5,15.0,atm-1.0%,0.984030430708923,3.411104577736713,3.376993531959346,0.018422400669216,0.4115303030942298,0.1735780095694076,0.9710726253863108,0.4110518354786072,0.175126547961095,3.425741899602961,0.4082945044299335,0.1767811557139547,3.432587408993979,0.4096731699542704,0.17595385183752482,3.4291646542984697,0,0,3,8,2023,240,28,35,0.0184345000880447,0.01844784210445,0.01844117109624735,0.0177096825744678,0.017125485,0.23393504,0.38759154,0.943377155409723
2023-08-29,1.5,15.0,atm-1.0%,0.9781016929444318,3.353315175499934,3.3197820237449345,0.0181470473598337,0.4036404112016731,0.1727661360428209,0.9654523659125412,0.4115303030942298,0.1735780095694076,3.411104577736713,0.4110518354786072,0.175126547961095,3.425741899602961,0.4112910692864185,0.17435227876525128,3.418423238669837,0,1,3,8,2023,241,29,35,0.018422400669216,0.0184345000880447,0.01842845037863035,0.01844784210445,0.017125485,0.23393504,0.38759154,0.9514725698168376
2023-08-30,1.5,15.0,atm-1.0%,0.7355083232272728,3.345066987342237,3.3116163174688147,0.0132313424790446,0.2241343801171685,0.4381654150711389,0.7361206013278501,0.4036404112016731,0.1727661360428209,3.353315175499934,0.4115303030942298,0.1735780095694076,3.411104577736713,0.40758535714795147,0.17317207280611424,3.3822098766183233,0,2,3,8,2023,242,30,35,0.0181470473598337,0.018422400669216,0.01828472401452485,0.0184345000880447,0.017125485,0.26423925,0.38759154,0.9522662270355783
2023-08-31,1.5,15.0,atm-1.0%,0.7290377304583193,3.3219505708691823,3.28873106516049,0.013040102065126,0.2212158356158156,0.4417893540217761,0.7296975080717757,0.2241343801171685,0.4381654150711389,3.345066987342237,0.4036404112016731,0.1727661360428209,3.353315175499934,0.3138873956594208,0.30546577555697985,3.3491910814210852,0,3,3,8,2023,243,31,35,0.0132313424790446,0.0181470473598337,0.01568919491943915,0.018422400669216,0.016959373,0.32422295,0.33963773,0.9419746200196709
2023-09-01,1.5,15.0,atm-1.0%,0.7341342752912109,3.392725655010502,3.358798398460397,0.0132330286807174,0.2166920280858155,0.4485911141538822,0.7347660285829173,0.2212158356158156,0.4417893540217761,3.3219505708691823,0.2241343801171685,0.4381654150711389,3.345066987342237,0.22267510786649208,0.43997738454645746,3.33350877910571,0,4,3,9,2023,244,1,35,0.013040102065126,0.0132313424790446,0.0131357222720853,0.0181470473598337,0.016168416,0.2179043,0.43348297,0.897082044000826
2023-09-04,1.5,15.0,atm-1.0%,0.737290978512422,3.392664388421714,3.3587377445374966,0.013279112694309,0.215778114781435,0.4517499021716193,0.7379411259026194,0.2166920280858155,0.4485911141538822,3.392725655010502,0.2212158356158156,0.4417893540217761,3.3219505708691823,0.21895393185081558,0.4451902340878291,3.357338112939842,0,0,3,9,2023,247,4,36,0.0132330286807174,0.013040102065126,0.0131365653729217,0.0132313424790446,0.01689889,0.2179043,0.4333112,0.9376104470636821
2023-09-05,1.5,15.0,atm-1.0%,0.7468807807839885,3.464125675671497,3.429484418914782,0.0136339059141927,0.2190827849999671,0.4467710781063332,0.7474848917123733,0.215778114781435,0.4517499021716193,3.392664388421714,0.2166920280858155,0.4485911141538822,3.392725655010502,0.21623507143362528,0.4501705081627507,3.392695021716108,0,1,3,9,2023,248,5,36,0.013279112694309,0.0132330286807174,0.013256070687513201,0.013040102065126,0.01689889,0.2302933,0.43144476,0.9275490742484556
2023-09-06,1.5,15.0,atm-1.0%,0.7379794012321086,3.464820093395161,3.430171892461209,0.0134755668784833,0.217660791503065,0.441015468794353,0.7385841804612814,0.2190827849999671,0.4467710781063332,3.464125675671497,0.215778114781435,0.4517499021716193,3.392664388421714,0.2174304498907011,0.4492604901389762,3.4283950320466055,0,2,3,9,2023,249,6,36,0.0136339059141927,0.013279112694309,0.01345650930425085,0.0132330286807174,0.01689889,0.2302933,0.43695608,0.9279579878627706
2023-09-07,1.5,15.0,atm-1.0%,0.736274364951565,3.460389050050164,3.4257851595496627,0.0134316650788316,0.2172851714416266,0.441185817400628,0.7368700235610129,0.217660791503065,0.441015468794353,3.464820093395161,0.2190827849999671,0.4467710781063332,3.464125675671497,0.2183717882515161,0.443893273450343,3.464472884533329,0,3,3,9,2023,250,7,36,0.0134755668784833,0.0136339059141927,0.013554736396338,0.013279112694309,0.01689889,0.21745625,0.43348297,0.9284101646858275
2023-09-08,1.5,15.0,atm-1.0%,0.741374449563848,3.441293486753215,3.4068805518856826,0.0135214135715525,0.2211700252071848,0.4375713842162069,0.7419769317739102,0.2172851714416266,0.441185817400628,3.460389050050164,0.217660791503065,0.441015468794353,3.464820093395161,0.21747298147234584,0.4411006430974904,3.462604571722663,0,4,3,9,2023,251,8,36,0.0134316650788316,0.0134755668784833,0.013453615978657449,0.0136339059141927,0.01689889,0.2179043,0.43348297,0.9309769051006542
2023-09-11,1.5,15.0,atm-1.0%,0.7443045831718194,3.477065188742703,3.442294536855276,0.0136247221618907,0.2189689787957169,0.4419091742363086,0.7449153450272291,0.2211700252071848,0.4375713842162069,3.441293486753215,0.2172851714416266,0.441185817400628,3.460389050050164,0.21922759832440572,0.4393786008084174,3.45084126840169,0,0,3,9,2023,254,11,37,0.0135214135715525,0.0134316650788316,0.01347653932519205,0.0134755668784833,0.01689889,0.2179043,0.42486954,0.9253940842388598
2023-09-12,1.5,15.0,atm-1.0%,0.7416649359018003,3.444613521202525,3.4101673859905,0.0134943294225307,0.2170440974989573,0.4442956010421168,0.7422945986333982,0.2189689787957169,0.4419091742363086,3.477065188742703,0.2211700252071848,0.4375713842162069,3.441293486753215,0.22006950200145087,0.4397402792262577,3.459179337747959,0,1,3,9,2023,255,12,37,0.0136247221618907,0.0135214135715525,0.013573067866721598,0.0134316650788316,0.01689889,0.2179043,0.43348297,0.9305280715549289
2023-09-13,1.5,15.0,atm-1.0%,0.7315347192883483,3.436036172125742,3.401675810404485,0.0132433402278406,0.2110245614759437,0.4481787389655342,0.732192654076169,0.2170440974989573,0.4442956010421168,3.444613521202525,0.2189689787957169,0.4419091742363086,3.477065188742703,0.21800653814733711,0.4431023876392126,3.460839354972614,0,2,3,9,2023,256,13,37,0.0134943294225307,0.0136247221618907,0.0135595257922107,0.0135214135715525,0.01689889,0.2179043,0.43348297,0.9316889687840779
2023-09-14,1.5,15.0,atm-1.0%,0.7350925390171682,3.4714399324396115,3.436725533115215,0.0133766792618672,0.2101140473698384,0.447889222163576,0.7357317305539168,0.2110245614759437,0.4481787389655342,3.436036172125742,0.2170440974989573,0.4442956010421168,3.444613521202525,0.21403432948745055,0.44623717000382546,3.440324846664134,0,3,3,9,2023,257,14,37,0.0132433402278406,0.0134943294225307,0.01336883482518565,0.0136247221618907,0.01689889,0.2179043,0.42797166,0.9264232943621289
2023-09-15,1.5,15.0,atm-1.0%,0.7477756562114648,3.492282455510477,3.457359630955372,0.0136454655877974,0.210565724520983,0.4536593381356749,0.7484285965626486,0.2101140473698384,0.447889222163576,3.4714399324396115,0.2110245614759437,0.4481787389655342,3.436036172125742,0.21056930442289107,0.448033980564555,3.453738052282677,0,4,3,9,2023,258,15,37,0.0133766792618672,0.0132433402278406,0.0133100097448539,0.0134943294225307,0.01689889,0.2302933,0.43144476,0.9238016637865012
2023-09-18,1.5,15.0,atm-1.0%,0.7398603538091597,3.481928406482235,3.4471091224174124,0.0134293482637158,0.2056920896557551,0.4595903734195509,0.7405397206034134,0.210565724520983,0.4536593381356749,3.492282455510477,0.2101140473698384,0.447889222163576,3.4714399324396115,0.21033988594541073,0.4507742801496254,3.4818611939750443,0,0,3,9,2023,261,18,38,0.0136454655877974,0.0133766792618672,0.0135110724248323,0.0132433402278406,0.01689889,0.23139477,0.4307651,0.9250978113419489
2023-09-19,1.5,15.0,atm-1.0%,0.7244370410624184,3.520372566692103,3.485168841025182,0.013143850060349,0.197418053126259,0.4652073138490381,0.7251655801929304,0.2056920896557551,0.4595903734195509,3.481928406482235,0.210565724520983,0.4536593381356749,3.492282455510477,0.20812890708836906,0.4566248557776128,3.4871054309963556,0,1,3,9,2023,262,19,38,0.0134293482637158,0.0136454655877974,0.0135374069257566,0.0133766792618672,0.01689889,0.2302933,0.431268,0.9200921566222604
2023-09-20,1.5,15.0,atm-1.0%,0.7060045274602929,3.4985674414487926,3.4635817670343045,0.0133174700812418,0.3674769106087797,0.2303403574483375,0.6863295520700284,0.197418053126259,0.4652073138490381,3.520372566692103,0.2056920896557551,0.4595903734195509,3.481928406482235,0.2015550713910071,0.4623988436342944,3.5011504865871688,0,2,3,9,2023,263,20,38,0.013143850060349,0.0134293482637158,0.013286599162032401,0.0136454655877974,0.016168416,0.2302933,0.4314524,0.8830691681397831
2023-09-21,1.5,15.0,atm-1.0%,0.7205850206415043,3.631229939987959,3.594917640588079,0.0132631609192046,0.1937295939781892,0.463066500772578,0.7213026863207919,0.3674769106087797,0.2303403574483375,3.4985674414487926,0.197418053126259,0.4652073138490381,3.520372566692103,0.2824474818675194,0.34777383564868775,3.509470004070448,0,3,3,9,2023,264,21,38,0.0133174700812418,0.013143850060349,0.013230660070795399,0.0134293482637158,0.01689889,0.25063848,0.4282257,0.9053829491193082
2023-09-22,1.5,15.0,atm-1.0%,0.7186365147181417,3.5999694552679595,3.56396976071528,0.0131584824438492,0.1930514176959294,0.4645924034849308,0.7193607096594873,0.1937295939781892,0.463066500772578,3.631229939987959,0.3674769106087797,0.2303403574483375,3.4985674414487926,0.28060325229348443,0.3467034291104577,3.5648986907183757,0,4,3,9,2023,265,22,38,0.0132631609192046,0.0133174700812418,0.0132903155002232,0.013143850060349,0.01689889,0.28346756,0.36265802,0.9036850162435085
2023-09-25,1.5,15.0,atm-1.0%,0.7197424214077353,3.7181735511775766,3.680991815665801,0.0133772612710881,0.1904189300139424,0.46588532428995,0.7204639605222062,0.1930514176959294,0.4645924034849308,3.5999694552679595,0.1937295939781892,0.463066500772578,3.631229939987959,0.19339050583705933,0.46382945212875437,3.6155996976279594,0,0,3,9,2023,268,25,39,0.0131584824438492,0.0132631609192046,0.0132108216815269,0.0133174700812418,0.016168416,0.23061022,0.4304771,0.8565044042064299
2023-09-26,1.5,15.0,atm-1.0%,0.7176174719616696,3.737864039356863,3.7004853989632944,0.0133752724134054,0.1902502727284485,0.4642848846800731,0.7183372817430603,0.1904189300139424,0.46588532428995,3.7181735511775766,0.1930514176959294,0.4645924034849308,3.5999694552679595,0.19173517385493594,0.4652388638874403,3.6590715032227683,0,1,3,9,2023,269,26,39,0.0133772612710881,0.0131584824438492,0.013267871857468649,0.0132631609192046,0.01689889,0.23061022,0.4314524,0.8929301633505958
2023-09-27,1.5,15.0,atm-1.0%,0.7230999347207662,3.778914477669036,3.741125332892346,0.0135690841987663,0.1912536605250997,0.463072563871143,0.7238121422976325,0.1902502727284485,0.4642848846800731,3.737864039356863,0.1904189300139424,0.46588532428995,3.7181735511775766,0.19033460137119546,0.4650851044850115,3.7280187952672197,0,2,3,9,2023,270,27,39,0.0133752724134054,0.0133772612710881,0.01337626684224675,0.0131584824438492,0.01689889,0.23061022,0.4306489,0.8879966465658737
2023-09-28,1.5,15.0,atm-1.0%,0.7277992918905539,3.7776090167870895,3.7398329266192185,0.0136897325591457,0.1938023492921206,0.4589291520179037,0.7284917431028843,0.1912536605250997,0.463072563871143,3.778914477669036,0.1902502727284485,0.4642848846800731,3.737864039356863,0.19075196662677413,0.46367872427560797,3.75838925851295,0,3,3,9,2023,271,28,39,0.0135690841987663,0.0133752724134054,0.01347217830608585,0.0133772612710881,0.01689889,0.23061022,0.4306489,0.8881500943081284
2023-09-29,1.5,15.0,atm-1.0%,0.7282508800749722,3.75541667697886,3.717862510209071,0.0136730113145711,0.1954893327366797,0.4572288764625004,0.7289407764456791,0.1938023492921206,0.4589291520179037,3.7776090167870895,0.1912536605250997,0.463072563871143,3.778914477669036,0.19252800490861016,0.4610008579445233,3.778261747228063,0,4,3,9,2023,272,29,39,0.0136897325591457,0.0135690841987663,0.013629408378956001,0.0133752724134054,0.01689889,0.2302933,0.431268,0.8908288554470922
2023-10-02,1.5,15.0,atm-1.0%,0.734590444957332,3.840089174430792,3.801688282686484,0.0139635647288225,0.195693883525693,0.4552365605662083,0.7352605168143419,0.1954893327366797,0.4572288764625004,3.75541667697886,0.1938023492921206,0.4589291520179037,3.7776090167870895,0.1946458410144002,0.4580790142402019,3.766512846882975,0,0,4,10,2023,275,2,40,0.0136730113145711,0.0136897325591457,0.013681371936858401,0.0135690841987663,0.01689889,0.2302933,0.43109623,0.8809365655844854
2023-10-03,1.5,15.0,atm-1.0%,0.738374939189553,3.96522233354986,3.925570110214361,0.014272111745173,0.1953023091071308,0.4534325807135168,0.7390275277187546,0.195693883525693,0.4552365605662083,3.840089174430792,0.1954893327366797,0.4572288764625004,3.75541667697886,0.19559160813118637,0.45623271851435426,3.7977529257048257,0,1,4,10,2023,276,3,40,0.0139635647288225,0.0136730113145711,0.0138182880216968,0.0136897325591457,0.017065002,0.2302933,0.431268,0.8754604688016967
2023-10-04,1.5,15.0,atm-1.0%,0.7239074505262735,3.921645473905222,3.8824290191661697,0.0138899804738301,0.1926695854420753,0.451771084487864,0.7245811108610102,0.1953023091071308,0.4534325807135168,3.96522233354986,0.195693883525693,0.4552365605662083,3.840089174430792,0.19549809631641193,0.4543345706398625,3.902655753990326,0,2,4,10,2023,277,4,40,0.014272111745173,0.0139635647288225,0.01411783823699775,0.0136730113145711,0.017125485,0.2302933,0.43137574,0.8834416977034699
2023-10-05,1.5,15.0,atm-1.0%,0.7240416970087863,3.918633563518183,3.879447227883001,0.0139402562131939,0.1966076975831932,0.4425645046116601,0.7246929871284233,0.1926695854420753,0.451771084487864,3.921645473905222,0.1953023091071308,0.4534325807135168,3.96522233354986,0.19398594727460308,0.4526018326006903,3.943433903727541,0,3,4,10,2023,278,5,40,0.0138899804738301,0.014272111745173,0.01408104610950155,0.0139635647288225,0.017094392,0.2302933,0.43188363,0.8822200696016969
2023-10-06,1.5,15.0,atm-1.0%,0.7299335673934476,3.97439649622637,3.9346525312641054,0.0147769331656921,0.3918192484900726,0.2116649503872728,0.7134640007866487,0.1966076975831932,0.4425645046116601,3.918633563518183,0.1926695854420753,0.451771084487864,3.921645473905222,0.19463864151263427,0.44716779454976197,3.9201395187117027,0,4,4,10,2023,279,6,40,0.0139402562131939,0.0138899804738301,0.013915118343512,0.014272111745173,0.017094392,0.2302933,0.43144476,0.8759706893806469
2023-10-09,1.5,15.0,atm-1.0%,0.7241844953563926,3.974390308517512,3.934646405432337,0.0140699790719389,0.1990145425364601,0.4380046706800296,0.7248294830625177,0.3918192484900726,0.2116649503872728,3.97439649622637,0.1966076975831932,0.4425645046116601,3.918633563518183,0.2942134730366329,0.32711472749946635,3.9465150298722764,0,0,4,10,2023,282,9,41,0.0147769331656921,0.0139402562131939,0.014358594689443,0.0138899804738301,0.017125485,0.2558299,0.35887563,0.8716284285817897
2023-10-10,1.5,15.0,atm-1.0%,0.7122367641774321,3.874220685385963,3.835478478532103,0.0136424830092875,0.1981944441715513,0.4384613476763747,0.7129117130703894,0.1990145425364601,0.4380046706800296,3.974390308517512,0.3918192484900726,0.2116649503872728,3.97439649622637,0.2954168955132664,0.3248348105336511,3.974393402371941,0,1,4,10,2023,283,10,41,0.0140699790719389,0.0147769331656921,0.0144234561188155,0.0139402562131939,0.017125485,0.28346756,0.35634568,0.8823531831462051
2023-10-11,1.5,15.0,atm-1.0%,0.7073668948966434,3.7940970564258976,3.75615608586164,0.0139528772578688,0.3764488839256955,0.2190806247818839,0.690104539282427,0.1981944441715513,0.4384613476763747,3.874220685385963,0.1990145425364601,0.4380046706800296,3.974390308517512,0.1986044933540057,0.43823300917820207,3.9243054969517375,0,2,4,10,2023,284,11,41,0.0136424830092875,0.0140699790719389,0.0138562310406132,0.0147769331656921,0.01692828,0.2179043,0.4263034,0.8875468284372993
2023-10-12,1.5,15.0,atm-1.0%,0.7128981561760174,3.8984797225828505,3.859494925357022,0.0136849144195125,0.1968550072792874,0.4405081606062466,0.7135706521278775,0.3764488839256955,0.2190806247818839,3.7940970564258976,0.1981944441715513,0.4384613476763747,3.874220685385963,0.2873216640486234,0.3287709862291292,3.83415887090593,0,3,4,10,2023,285,12,41,0.0139528772578688,0.0136424830092875,0.01379768013357815,0.0140699790719389,0.017065002,0.2558299,0.35887563,0.8769661715401506
2023-10-13,1.5,15.0,atm-1.0%,0.7242771913392967,3.8170863441005074,3.7789154806595024,0.0138266606574691,0.2141827273143672,0.4482044683942323,0.724967075303467,0.1968550072792874,0.4405081606062466,3.8984797225828505,0.3764488839256955,0.2190806247818839,3.7940970564258976,0.28665194560249146,0.3297943926940652,3.846288389504374,0,4,4,10,2023,286,13,41,0.0136849144195125,0.0139528772578688,0.01381889583869065,0.0136424830092875,0.01692828,0.28346756,0.3516917,0.878379523517415
2023-10-16,1.5,15.0,atm-1.0%,0.6941749043592977,3.8900440144437294,3.851143574299292,0.0132326128230528,0.201837306721669,0.4608188428269524,0.6949273083583434,0.2141827273143672,0.4482044683942323,3.8170863441005074,0.1968550072792874,0.4405081606062466,3.8984797225828505,0.20551886729682733,0.4443563145002394,3.857783033341679,0,0,4,10,2023,289,16,42,0.0138266606574691,0.0136849144195125,0.013755787538490799,0.0139528772578688,0.017065002,0.2179043,0.42779988,0.8837405410519878
2023-10-17,1.5,15.0,atm-1.0%,0.7048731664324271,3.987441358858396,3.947566945269812,0.0136121997181315,0.2025808145754654,0.4637991872500733,0.7056061479948819,0.201837306721669,0.4608188428269524,3.8900440144437294,0.2141827273143672,0.4482044683942323,3.8170863441005074,0.20801001701801813,0.45451165561059226,3.8535651792721186,0,1,4,10,2023,290,17,42,0.0132326128230528,0.0138266606574691,0.013529636740260951,0.0136849144195125,0.01692828,0.2302933,0.431268,0.8660219688392834
2023-10-18,1.5,15.0,atm-1.0%,0.7054513312448305,4.030512674965756,3.9902075482160986,0.0137318283435006,0.2048692166370465,0.4580135609183432,0.7061752003003593,0.2025808145754654,0.4637991872500733,3.987441358858396,0.201837306721669,0.4608188428269524,3.8900440144437294,0.20220906064856722,0.46230901503851274,3.9387426866510626,0,2,4,10,2023,291,18,42,0.0136121997181315,0.0132326128230528,0.01342240627059215,0.0138266606574691,0.01689889,0.2302933,0.4306489,0.8598339038908127
2023-10-19,1.5,15.0,atm-1.0%,0.7081066237728579,4.120446943055176,4.079242473624624,0.0139814337699666,0.2074042553350911,0.4505868856267735,0.708804358373537,0.2048692166370465,0.4580135609183432,4.030512674965756,0.2025808145754654,0.4637991872500733,3.987441358858396,0.20372501560625597,0.4609063740842082,4.008977016912076,0,3,4,10,2023,292,19,42,0.0137318283435006,0.0136121997181315,0.01367201403081605,0.0132326128230528,0.01689889,0.2302933,0.431268,0.850448470860514
2023-10-20,1.5,15.0,atm-1.0%,0.7050940229746444,4.093629395590008,4.052693101634108,0.0138414949207075,0.2051888282779009,0.4557365419304524,0.7057975694048118,0.2074042553350911,0.4505868856267735,4.120446943055176,0.2048692166370465,0.4580135609183432,4.030512674965756,0.20613673598606883,0.45430022327255826,4.075479809010465,0,4,4,10,2023,293,20,42,0.0139814337699666,0.0137318283435006,0.0138566310567336,0.0136121997181315,0.017065002,0.2302933,0.43188363,0.8616701518907794
2023-10-23,1.5,15.0,atm-1.0%,0.6969185851005038,4.009156516877237,3.969064951708464,0.0141502604865334,0.3905009195131179,0.2258109158445013,0.6783524077349357,0.2051888282779009,0.4557365419304524,4.093629395590008,0.2074042553350911,0.4505868856267735,4.120446943055176,0.20629654180649604,0.45316171377861286,4.107038169322592,0,0,4,10,2023,296,23,43,0.0138414949207075,0.0139814337699666,0.013911464345337049,0.0137318283435006,0.017094392,0.2302933,0.43109623,0.8721347794232871
2023-10-24,1.5,15.0,atm-1.0%,0.6944061435906536,3.993158115402505,3.95322653424848,0.0134496375557142,0.2055842277787224,0.4557821016323999,0.6951372549611011,0.3905009195131179,0.2258109158445013,4.009156516877237,0.2051888282779009,0.4557365419304524,4.093629395590008,0.2978448738955094,0.34077372888747676,4.051392956233622,0,1,4,10,2023,297,24,43,0.0141502604865334,0.0138414949207075,0.01399587770362045,0.0139814337699666,0.017094392,0.24883837,0.42991832,0.873527716393694
2023-10-25,1.5,15.0,atm-1.0%,0.7039248590129081,4.107274099414885,4.066201358420736,0.0138314492032525,0.2051831485164473,0.4578778238886632,0.7046342557706108,0.2055842277787224,0.4557821016323999,3.993158115402505,0.3905009195131179,0.2258109158445013,4.009156516877237,0.2980425736459202,0.3407965087384505,4.001157316139871,0,2,4,10,2023,298,25,43,0.0134496375557142,0.0141502604865334,0.0137999490211238,0.0138414949207075,0.01692828,0.26666093,0.36327714,0.847724571557966
2023-10-26,1.5,15.0,atm-1.0%,0.6989598848671266,4.013419848862877,3.973285650374248,0.0135931423950329,0.207234622361307,0.4541933647014982,0.699677333655818,0.2051831485164473,0.4578778238886632,4.107274099414885,0.2055842277787224,0.4557821016323999,3.993158115402505,0.20538368814758484,0.45682996276053145,4.050216107408695,0,3,4,10,2023,299,26,43,0.0138314492032525,0.0134496375557142,0.01364054337948335,0.0141502604865334,0.017065002,0.2302933,0.431268,0.8701870194310793
2023-10-27,1.5,15.0,atm-1.0%,0.7012370961462309,4.030913678219558,3.9906045414373614,0.0136740787392265,0.2075287007065055,0.4536378481521561,0.7019531184351272,0.207234622361307,0.4541933647014982,4.013419848862877,0.2051831485164473,0.4578778238886632,4.107274099414885,0.20620888543887717,0.4560355942950806,4.060346974138881,0,4,4,10,2023,300,27,43,0.0135931423950329,0.0138314492032525,0.0137122957991427,0.0134496375557142,0.01692828,0.2302933,0.43137574,0.8613477216740044
2023-10-30,1.5,15.0,atm-1.0%,0.7060233549710482,4.032472624409056,3.9921478981649656,0.0137941943249942,0.2095189362558756,0.4516450369247916,0.7067257642901323,0.2075287007065055,0.4536378481521561,4.030913678219558,0.207234622361307,0.4541933647014982,4.013419848862877,0.20738166153390625,0.45391560642682705,4.022166763541217,0,0,4,10,2023,303,30,44,0.0136740787392265,0.0135931423950329,0.0136336105671297,0.0138314492032525,0.01689889,0.2302933,0.43120396,0.8596713774328137
2023-10-31,1.5,15.0,atm-1.0%,0.7101287360621268,4.023229217980059,3.9829969258002578,0.0139058453858423,0.21342476713067,0.445489899505134,0.7108164507978998,0.2095189362558756,0.4516450369247916,4.032472624409056,0.2075287007065055,0.4536378481521561,4.030913678219558,0.20852381848119056,0.4526414425384737,4.0316931513143075,0,1,4,10,2023,304,31,44,0.0137941943249942,0.0136740787392265,0.01373413653211035,0.0135931423950329,0.01689889,0.29096422,0.43188363,0.8598186273065652
2023-11-01,1.5,15.0,atm-1.0%,0.7005321745818973,3.9882701624470656,3.948387460822595,0.0136501326323806,0.2124142403694428,0.4429690994304336,0.701235389962018,0.21342476713067,0.445489899505134,4.023229217980059,0.2095189362558756,0.4516450369247916,4.032472624409056,0.2114718516932728,0.44856746821496274,4.027850921194558,0,2,4,11,2023,305,1,44,0.0139058453858423,0.0137941943249942,0.01385001985541825,0.0136740787392265,0.017065002,0.2302933,0.43144476,0.8729418505138562
2023-11-02,1.5,15.0,atm-1.0%,0.6917881375898055,3.8519560238261255,3.813436463587864,0.0132314804382708,0.2123589548831539,0.4441690519693033,0.6925102138533173,0.2124142403694428,0.4429690994304336,3.9882701624470656,0.21342476713067,0.445489899505134,4.023229217980059,0.21291950375005642,0.44422949946778373,4.0057496902135625,0,3,4,11,2023,306,2,44,0.0136501326323806,0.0139058453858423,0.01377798900911145,0.0137941943249942,0.01692828,0.2179043,0.42797166,0.8809980516391763
2023-11-03,1.5,15.0,atm-1.0%,0.6795650181252608,3.780448226180385,3.742643743918581,0.0128546279537824,0.2106455843468819,0.4434775530324386,0.6803176281896808,0.2123589548831539,0.4441690519693033,3.8519560238261255,0.2124142403694428,0.4429690994304336,3.9882701624470656,0.21238659762629836,0.44356907569986836,3.9201130931365955,0,4,4,11,2023,307,3,44,0.0132314804382708,0.0136501326323806,0.0134408065353257,0.0139058453858423,0.01689889,0.2179043,0.42797166,0.8877481734126391
2023-11-06,1.5,15.0,atm-1.0%,0.6644444202022601,3.8483834776064665,3.809899642830402,0.0124415942386752,0.1906822075530937,0.4736388359306928,0.6652395098518716,0.2106455843468819,0.4434775530324386,3.780448226180385,0.2123589548831539,0.4441690519693033,3.8519560238261255,0.2115022696150179,0.4438233025008709,3.8162021250032554,0,0,4,11,2023,310,6,45,0.0128546279537824,0.0132314804382708,0.0130430541960266,0.0136501326323806,0.008685438,0.2179043,0.42779988,0.45218534898351537
2023-11-07,1.5,15.0,atm-1.0%,0.6460176392297275,3.7535271994487176,3.715991927454231,0.0118792487234268,0.1853740681715729,0.4748242067918605,0.6468376892846792,0.1906822075530937,0.4736388359306928,3.8483834776064665,0.2106455843468819,0.4434775530324386,3.780448226180385,0.2006638959499878,0.4585581944815656,3.8144158518934255,0,1,4,11,2023,311,7,45,0.0124415942386752,0.0128546279537824,0.0126481110962288,0.0132314804382708,0.008685438,0.23318285,0.42656246,0.45770570148785594
2023-11-08,1.5,15.0,atm-1.0%,0.6329356429553011,3.692226336965369,3.6553040735957154,0.0115075028124684,0.1826258397251328,0.4736304112115347,0.6337724771016245,0.1853740681715729,0.4748242067918605,3.7535271994487176,0.1906822075530937,0.4736388359306928,3.8483834776064665,0.1880281378623333,0.47423152136127655,3.800955338527592,0,2,4,11,2023,312,8,45,0.0118792487234268,0.0124415942386752,0.012160421481050999,0.0128546279537824,0.008685438,0.23061022,0.4314524,0.46172650578160296
2023-11-09,1.5,15.0,atm-1.0%,0.6400679886402372,3.796775963747155,3.758808204109684,0.0119153039868537,0.1903380772056893,0.4596073737522964,0.6409238620420455,0.1826258397251328,0.4736304112115347,3.692226336965369,0.1853740681715729,0.4748242067918605,3.7535271994487176,0.18399995394835283,0.4742273090016975,3.722876768207043,0,3,4,11,2023,313,9,45,0.0115075028124684,0.0118792487234268,0.0116933757679476,0.0124415942386752,0.008685438,0.23061022,0.4314524,0.4553244562886891
2023-11-10,1.5,15.0,atm-1.0%,0.635439967544116,3.781074042941905,3.743263302512486,0.0117914848899411,0.1893721202333931,0.4595177233683622,0.6363106996507667,0.1903380772056893,0.4596073737522964,3.796775963747155,0.1826258397251328,0.4736304112115347,3.692226336965369,0.18648195846541105,0.46661889248191546,3.744501150356262,0,4,4,11,2023,314,10,45,0.0119153039868537,0.0115075028124684,0.01171140339966105,0.0118792487234268,0.008685438,0.23061022,0.431268,0.4562607936037011
2023-11-13,1.5,15.0,atm-1.0%,0.6360787251497733,3.796873893726483,3.7589051547892174,0.0118256356229972,0.1890951257191956,0.4600565263118232,0.6369474065173609,0.1893721202333931,0.4595177233683622,3.781074042941905,0.1903380772056893,0.4596073737522964,3.796775963747155,0.1898550987195412,0.4595625485603292,3.78892500334453,0,0,4,11,2023,317,13,46,0.0117914848899411,0.0119153039868537,0.0118533944383974,0.0115075028124684,0.008685438,0.2302933,0.43109623,0.45530501958259945
2023-11-14,1.5,15.0,atm-1.0%,0.6275251813028316,3.685894095275161,3.649035154322409,0.0114679000114674,0.1885764162694641,0.4617646282483955,0.6284067000695416,0.1890951257191956,0.4600565263118232,3.796873893726483,0.1893721202333931,0.4595177233683622,3.781074042941905,0.18923362297629434,0.45978712484009265,3.788973968334194,0,1,4,11,2023,318,14,46,0.0118256356229972,0.0117914848899411,0.01180856025646915,0.0119153039868537,0.008685438,0.2302933,0.431268,0.4621169415648712
2023-11-15,1.5,15.0,atm-1.0%,0.6444767630933963,3.7490761566703217,3.711585395103618,0.0119002597188734,0.1891633533558264,0.4653399896189967,0.6453110453808936,0.1885764162694641,0.4617646282483955,3.685894095275161,0.1890951257191956,0.4600565263118232,3.796873893726483,0.18883577099432985,0.46091057728010926,3.741383994500822,0,2,4,11,2023,319,15,46,0.0114679000114674,0.0118256356229972,0.0116467678172323,0.0117914848899411,0.008685438,0.2302933,0.431268,0.4582061142720832
2023-11-16,1.5,15.0,atm-1.0%,0.6461999654342099,3.682328987675175,3.645505697798423,0.0118273899623505,0.1918956850790287,0.4688092188771072,0.6470541806654965,0.1891633533558264,0.4653399896189967,3.7490761566703217,0.1885764162694641,0.4617646282483955,3.685894095275161,0.18886988481264524,0.46355230893369603,3.7174851259727415,0,3,4,11,2023,320,16,46,0.0119002597188734,0.0114679000114674,0.0116840798651704,0.0118256356229972,0.008685438,0.23061022,0.4314524,0.4623466543726024
2023-11-17,1.5,15.0,atm-1.0%,0.647646260518009,3.661441741349014,3.624827323935524,0.0118189561420963,0.1924427784606789,0.470374094219923,0.64849557031531,0.1918956850790287,0.4688092188771072,3.682328987675175,0.1891633533558264,0.4653399896189967,3.7490761566703217,0.19052951921742756,0.46707460424805186,3.7157025721727486,0,4,4,11,2023,321,17,46,0.0118273899623505,0.0119002597188734,0.01186382484061195,0.0114679000114674,0.008685438,0.23061022,0.4314524,0.4636636520340416
2023-11-20,1.5,15.0,atm-1.0%,0.6444362194352646,3.634709351774179,3.5983622582564374,0.0117075340958144,0.1922796547712143,0.4709971591730149,0.6452899508326795,0.1924427784606789,0.470374094219923,3.661441741349014,0.1918956850790287,0.4688092188771072,3.682328987675175,0.1921692317698538,0.469591656548515,3.671885364512095,0,0,4,11,2023,324,20,47,0.0118189561420963,0.0118273899623505,0.0118231730522234,0.0119002597188734,0.008685438,0.23061022,0.4312806,0.465357955235626
2023-11-21,1.5,15.0,atm-1.0%,0.6517266802962585,3.643963214493802,3.607523582348864,0.0119139307743336,0.1963338197169739,0.4649829772038359,0.6525712684316767,0.1922796547712143,0.4709971591730149,3.634709351774179,0.1924427784606789,0.470374094219923,3.661441741349014,0.1923612166159466,0.47068562669646885,3.6480755465615964,0,1,4,11,2023,325,21,47,0.0117075340958144,0.0118189561420963,0.011763245118955351,0.0118273899623505,0.008685438,0.23061022,0.4314524,0.46477441249606344
2023-11-22,1.5,15.0,atm-1.0%,0.6490006433512295,3.625137166899265,3.5888857952302726,0.0118040946190666,0.194104154300951,0.468292826550552,0.6498494836244301,0.1963338197169739,0.4649829772038359,3.643963214493802,0.1922796547712143,0.4709971591730149,3.634709351774179,0.19430673724409409,0.4679900681884253,3.6393362831339906,0,2,4,11,2023,326,22,47,0.0119139307743336,0.0117075340958144,0.011810732435074,0.0118189561420963,0.008685438,0.23061022,0.4306489,0.46594336298010286
2023-11-23,1.5,15.0,atm-1.0%,0.6458725143454919,3.625095518255038,3.588844563072488,0.0117598920560331,0.1942955340976049,0.4641275158450383,0.6467549667232271,0.194104154300951,0.468292826550552,3.625137166899265,0.1963338197169739,0.4649829772038359,3.643963214493802,0.19521898700896245,0.4666379018771939,3.6345501906965336,0,3,4,11,2023,327,23,47,0.0118040946190666,0.0119139307743336,0.011859012696700099,0.0117075340958144,0.008685438,0.23061022,0.4314524,0.46598246022865597
2023-11-24,1.5,15.0,atm-1.0%,0.6441588640192502,3.68282698476135,3.6459987149137367,0.0118049714313728,0.1917515491183855,0.4643744898849859,0.6450214409244015,0.1942955340976049,0.4641275158450383,3.625095518255038,0.194104154300951,0.468292826550552,3.625137166899265,0.19419984419927794,0.46621017119779506,3.6251163425771518,0,4,4,11,2023,328,24,47,0.0117598920560331,0.0118040946190666,0.01178199333754985,0.0119139307743336,0.008685438,0.23061022,0.4306489,0.4622792578546185
2023-11-27,1.5,15.0,atm-1.0%,0.6398313667938464,3.5964838372730097,3.5605189989002795,0.0115946940703425,0.193748772576346,0.4628798483239906,0.6407144254949976,0.1917515491183855,0.4643744898849859,3.68282698476135,0.1942955340976049,0.4641275158450383,3.625095518255038,0.19302354160799517,0.46425100286501203,3.653961251508194,0,0,4,11,2023,331,27,48,0.0118049714313728,0.0117598920560331,0.01178243174370295,0.0118040946190666,0.008685438,0.23061022,0.4304771,0.4677881227528309
2023-11-28,1.5,15.0,atm-1.0%,0.6369300513740861,3.571673467949088,3.535956733269597,0.0114955986387725,0.1934241096147239,0.4627640220892672,0.6378183116756136,0.193748772576346,0.4628798483239906,3.5964838372730097,0.1917515491183855,0.4643744898849859,3.68282698476135,0.19275016084736574,0.4636271691044882,3.6396554110171797,0,1,4,11,2023,332,28,48,0.0115946940703425,0.0118049714313728,0.01169983275085765,0.0117598920560331,0.008685438,0.23061022,0.4306489,0.46941801153035045
2023-11-29,1.5,15.0,atm-1.0%,0.6358027757036674,3.5085773920693035,3.47349161814861,0.0113845091386889,0.1952656986398262,0.4616201273592852,0.6367018613432838,0.1934241096147239,0.4627640220892672,3.571673467949088,0.193748772576346,0.4628798483239906,3.5964838372730097,0.19358644109553497,0.46282193520662884,3.5840786526110486,0,2,4,11,2023,333,29,48,0.0114955986387725,0.0115946940703425,0.0115451463545575,0.0118049714313728,0.008685438,0.23061022,0.431268,0.4736489425167754
2023-11-30,1.5,15.0,atm-1.0%,0.6466771547061076,3.579041018134216,3.543250607952874,0.011718773726047,0.1969946423816789,0.4628133292234976,0.6475510991002248,0.1952656986398262,0.4616201273592852,3.5085773920693035,0.1934241096147239,0.4627640220892672,3.571673467949088,0.19434490412727506,0.46219207472427615,3.540125430009196,0,3,4,11,2023,334,30,48,0.0113845091386889,0.0114955986387725,0.011440053888730699,0.0115946940703425,0.008685438,0.2302933,0.431268,0.46896508878617643
2023-12-01,1.5,15.0,atm-1.0%,0.6380250577455292,3.496896450877504,3.4619274863687286,0.0114413342348621,0.1988820803005232,0.4578231929571278,0.6389255086700754,0.1969946423816789,0.4628133292234976,3.579041018134216,0.1952656986398262,0.4616201273592852,3.5085773920693035,0.19613017051075254,0.4622167282913913,3.54380920510176,0,4,4,12,2023,335,1,48,0.011718773726047,0.0113845091386889,0.01155164143236795,0.0114955986387725,0.008685438,0.2302933,0.4306489,0.4744131693459828
2023-12-04,1.5,15.0,atm-1.0%,0.647489196552085,3.524873297419641,3.489624564445444,0.0116966978639009,0.2022771132445809,0.4561312614567042,0.6483677559449574,0.1988820803005232,0.4578231929571278,3.496896450877504,0.1969946423816789,0.4628133292234976,3.579041018134216,0.19793836134110104,0.4603182610903126,3.53796873450586,0,0,4,12,2023,338,4,49,0.0114413342348621,0.011718773726047,0.01158005398045455,0.0113845091386889,0.008685438,0.2302933,0.43109623,0.47254711433173435
2023-12-05,1.5,15.0,atm-1.0%,0.6343018863022213,3.410333198232031,3.3762298662497106,0.011204985439917,0.1974585407457318,0.4614913974888752,0.6352022286152907,0.2022771132445809,0.4561312614567042,3.524873297419641,0.1988820803005232,0.4578231929571278,3.496896450877504,0.20057959677255205,0.4569772272069159,3.510884874148572,0,1,4,12,2023,339,5,49,0.0116966978639009,0.0114413342348621,0.0115690160493815,0.011718773726047,0.008685438,0.2302933,0.431268,0.4804258202844341
2023-12-06,1.5,15.0,atm-1.0%,0.6325097814586406,3.342230721834712,3.3088084146163648,0.011085363255821,0.200696694801552,0.4582015954833649,0.6334215867794857,0.1974585407457318,0.4614913974888752,3.410333198232031,0.2022771132445809,0.4561312614567042,3.524873297419641,0.19986782699515634,0.4588113294727896,3.467603247825836,0,2,4,12,2023,340,6,49,0.011204985439917,0.0116966978639009,0.01145084165190895,0.0114413342348621,0.008685438,0.2302933,0.431268,0.4852962257109304
2023-12-07,1.5,15.0,atm-1.0%,0.6369753766694436,3.355807708616028,3.322249631529868,0.0111793906378945,0.2001870478325396,0.4614310008458621,0.6378737652359121,0.200696694801552,0.4582015954833649,3.342230721834712,0.1974585407457318,0.4614913974888752,3.410333198232031,0.1990776177736419,0.45984649648611997,3.3762819600333716,0,3,4,12,2023,341,7,49,0.011085363255821,0.011204985439917,0.011145174347869,0.0116966978639009,0.008685438,0.2302933,0.431268,0.48431343505547664
2023-12-08,1.5,15.0,atm-1.0%,0.6429856214434376,3.4318899021157034,3.3975710030945465,0.0113944069483898,0.1977696676976523,0.4657981581505895,0.6438564350836693,0.2001870478325396,0.4614310008458621,3.355807708616028,0.200696694801552,0.4582015954833649,3.342230721834712,0.2004418713170458,0.45981629816461345,3.34901921522537,0,4,4,12,2023,342,8,49,0.0111793906378945,0.011085363255821,0.011132376946857751,0.011204985439917,0.008685438,0.2302933,0.431268,0.4789144657294621
2023-12-11,1.5,15.0,atm-1.0%,0.640949624490261,3.4263262926230302,3.3920630296968,0.0113481481779533,0.1975254647246932,0.4647988856403917,0.6418210600243317,0.1977696676976523,0.4657981581505895,3.4318899021157034,0.2001870478325396,0.4614310008458621,3.355807708616028,0.19897835776509595,0.4636145794982257,3.3938488053658658,0,0,4,12,2023,345,11,50,0.0113944069483898,0.0111793906378945,0.01128689879314215,0.011085363255821,0.008685438,0.23061022,0.4312806,0.4793014223819507
2023-12-12,1.5,15.0,atm-1.0%,0.6408526898582352,3.39425533445935,3.3603127811147564,0.0112835049465846,0.1972103353672336,0.466820168903641,0.6417267150808249,0.1975254647246932,0.4647988856403917,3.4263262926230302,0.1977696676976523,0.4657981581505895,3.4318899021157034,0.19764756621117274,0.4652985218954905,3.429108097369367,0,1,4,12,2023,346,12,50,0.0113481481779533,0.0113944069483898,0.01137127756317155,0.0111793906378945,0.008685438,0.23061022,0.4306489,0.48153107036076537
2023-12-13,1.5,15.0,atm-1.0%,0.638370152944571,3.291484054517424,3.2585692139722497,0.0111120423789077,0.2027618572627167,0.4609433923030391,0.6392771383320288,0.1972103353672336,0.466820168903641,3.39425533445935,0.1975254647246932,0.4647988856403917,3.4263262926230302,0.19736790004596338,0.46580952727201624,3.41029081354119,0,2,4,12,2023,347,13,50,0.0112835049465846,0.0113481481779533,0.011315826562268951,0.0113944069483898,0.008685438,0.23061022,0.4314524,0.4890296854377461
2023-12-14,1.5,15.0,atm-1.0%,0.6289588661411554,3.174923392691792,3.1431741587648743,0.0107447975010009,0.2033094540789586,0.4592851444243752,0.6298934126537383,0.2027618572627167,0.4609433923030391,3.291484054517424,0.1972103353672336,0.466820168903641,3.39425533445935,0.19998609631497516,0.46388178060333995,3.342869694488387,0,3,4,12,2023,348,14,50,0.0111120423789077,0.0112835049465846,0.01119777366274615,0.0113481481779533,0.008685438,0.23061022,0.431268,0.4979174828149578
2023-12-15,1.5,15.0,atm-1.0%,0.643827002513836,3.148625064266216,3.1171388136235536,0.0109800232192506,0.2063803956938799,0.4627283344902598,0.6447410077212931,0.2033094540789586,0.4592851444243752,3.174923392691792,0.2027618572627167,0.4609433923030391,3.291484054517424,0.20303565567083764,0.46011426836370706,3.233203723604608,0,4,4,12,2023,349,15,50,0.0107447975010009,0.0111120423789077,0.0109284199399543,0.0112835049465846,0.008685438,0.2302933,0.431268,0.49999516124352533
2023-12-18,1.5,15.0,atm-1.0%,0.640987937148482,3.183941417926698,3.152102003747431,0.0110052253029593,0.2066913336750666,0.4584065591099003,0.6418959703711038,0.2063803956938799,0.4627283344902598,3.148625064266216,0.2033094540789586,0.4592851444243752,3.174923392691792,0.20484492488641926,0.4610067394573174,3.161774228479004,0,0,4,12,2023,352,18,51,0.0109800232192506,0.0107447975010009,0.010862410360125752,0.0111120423789077,0.008685438,0.2302933,0.43109623,0.4972058871032485
2023-12-19,1.5,15.0,atm-1.0%,0.6289915352329158,3.148800916528613,3.117312907363327,0.010683056770382,0.2018543200444174,0.4624137242028084,0.6299374460866076,0.2066913336750666,0.4584065591099003,3.183941417926698,0.2063803956938799,0.4627283344902598,3.148625064266216,0.20653586468447324,0.46056744680008,3.166283241096457,0,1,4,12,2023,353,19,51,0.0110052253029593,0.0109800232192506,0.01099262426110495,0.0107447975010009,0.008685438,0.2302933,0.431268,0.4999811980841441
2023-12-20,1.5,15.0,atm-1.0%,0.6231655497516942,3.1223206675688013,3.091097460893113,0.0105297281022438,0.2012005683837234,0.4614235261713357,0.6241207126501591,0.2018543200444174,0.4624137242028084,3.148800916528613,0.2066913336750666,0.4584065591099003,3.183941417926698,0.204272826859742,0.4604101416563543,3.1663711672276555,0,2,4,12,2023,354,20,51,0.010683056770382,0.0110052253029593,0.01084414103667065,0.0109800232192506,0.008685438,0.2302933,0.431268,0.502097071000285
2023-12-21,1.5,15.0,atm-1.0%,0.623271008932598,3.144264284046562,3.1128216412060965,0.0111090117769797,0.3545667610866951,0.2496235001342457,0.6031269663925847,0.2012005683837234,0.4614235261713357,3.1223206675688013,0.2018543200444174,0.4624137242028084,3.148800916528613,0.2015274442140704,0.46191862518707194,3.1355607920487074,0,3,4,12,2023,355,21,51,0.0105297281022438,0.010683056770382,0.0106063924363129,0.0110052253029593,0.008685438,0.2302933,0.431268,0.5003417939651167
2023-12-22,1.5,15.0,atm-1.0%,0.6286781139555948,3.1688192611810737,3.137131068569263,0.0107012058468257,0.2007542993280291,0.4637113923096677,0.6296241204382909,0.3545667610866951,0.2496235001342457,3.144264284046562,0.2012005683837234,0.4614235261713357,3.1223206675688013,0.27788366473520926,0.3555235131527906,3.1332924758076817,0,4,4,12,2023,356,22,51,0.0111090117769797,0.0105297281022438,0.01081936993961175,0.010683056770382,0.008685438,0.24883837,0.42991832,0.4981872164973072
2023-12-25,1.5,15.0,atm-1.0%,0.6225230165780534,3.168936864797812,3.137247496149834,0.0111267566451488,0.3511979157288023,0.2510594699797226,0.6021649177080758,0.2007542993280291,0.4637113923096677,3.1688192611810737,0.3545667610866951,0.2496235001342457,3.144264284046562,0.2776605302073621,0.35666744622195656,3.156541772613818,0,0,4,12,2023,359,25,52,0.0107012058468257,0.0111090117769797,0.0109051088119027,0.0105297281022438,0.008685438,0.26666093,0.36265802,0.4951136097463335
2023-12-26,1.5,15.0,atm-1.0%,0.6176773209919124,3.147699788733553,3.116222790846217,0.0109831527066388,0.3459067057769923,0.2540797905725657,0.5970203066368208,0.3511979157288023,0.2510594699797226,3.168936864797812,0.2007542993280291,0.4637113923096677,3.1688192611810737,0.2759761075284157,0.357385431144695,3.168878062989443,0,1,4,12,2023,360,26,52,0.0111267566451488,0.0107012058468257,0.010913981245987251,0.0111090117769797,0.008685438,0.23007631,0.44637117,0.5008185963363858
2023-12-27,1.5,15.0,atm-1.0%,0.6119836455127716,3.066020782190737,3.0353605743688297,0.0102142117801863,0.198803374614318,0.4619416037351193,0.6129756026083242,0.3459067057769923,0.2540797905725657,3.147699788733553,0.3511979157288023,0.2510594699797226,3.168936864797812,0.3485523107528973,0.2525696302761441,3.1583183267656825,0,2,4,12,2023,361,27,52,0.0109831527066388,0.0111267566451488,0.011054954675893802,0.0107012058468257,0.008685438,0.23220865,0.33209473,0.5023465272624917
2023-12-28,1.5,15.0,atm-1.0%,0.6191707056348903,3.104894306150477,3.073845363088972,0.0104385550951143,0.2020062113553782,0.459032167587079,0.6201547361189057,0.198803374614318,0.4619416037351193,3.066020782190737,0.3459067057769923,0.2540797905725657,3.147699788733553,0.2723550401956551,0.35801069715384237,3.1068602854621448,0,3,4,12,2023,362,28,52,0.0102142117801863,0.0109831527066388,0.01059868224341255,0.0111267566451488,0.008685438,0.21383248,0.33127505,0.4992411693131357
2023-12-29,1.5,15.0,atm-1.0%,0.6219549375023475,3.119892702589475,3.08869377556358,0.0105101169413306,0.2019740066491313,0.4604863019759108,0.6229262333731653,0.2020062113553782,0.459032167587079,3.104894306150477,0.198803374614318,0.4619416037351193,3.066020782190737,0.20040479298484806,0.4604868856610991,3.085457544170607,0,4,4,12,2023,363,29,52,0.0104385550951143,0.0102142117801863,0.0103263834376503,0.0109831527066388,0.008685438,0.2302933,0.431268,0.5022924218180305
2024-01-01,1.5,15.0,atm-1.0%,0.6291498022585379,3.121260229954593,3.090047627655048,0.010669195667712,0.2051675323950025,0.4583646112008936,0.6301132463636321,0.2019740066491313,0.4604863019759108,3.119892702589475,0.2020062113553782,0.459032167587079,3.104894306150477,0.20199010900225473,0.45975923478149483,3.112393504369976,0,0,1,1,2024,1,1,1,0.0105101169413306,0.0104385550951143,0.01047433601822245,0.0102142117801863,0.008685438,0.2081941,0.42926666,0.5022450362551638
2024-01-02,1.5,15.0,atm-1.0%,0.6343957512606619,3.167239718285032,3.1355673211021813,0.0108604414069043,0.2066960523989871,0.4563517998383481,0.6353441210385598,0.2051675323950025,0.4583646112008936,3.121260229954593,0.2019740066491313,0.4604863019759108,3.119892702589475,0.20357076952206687,0.4594254565884021,3.120576466272034,0,1,1,1,2024,2,2,1,0.010669195667712,0.0105101169413306,0.0105896563045213,0.0104385550951143,0.008685438,0.2081941,0.42943844,0.4985942437117283
2024-01-03,1.5,15.0,atm-1.0%,0.6108182237757928,3.147289965436805,3.1158170657824367,0.0103936541203118,0.2093646539063234,0.456584792864513,0.6118517746715818,0.2066960523989871,0.4563517998383481,3.167239718285032,0.2051675323950025,0.4583646112008936,3.121260229954593,0.20593179239699477,0.4573582055196208,3.1442499741198127,0,2,1,1,2024,3,3,1,0.0108604414069043,0.010669195667712,0.01076481853730815,0.0105101169413306,0.008685438,0.2081941,0.42943844,0.500172097096669
2024-01-04,1.5,15.0,atm-1.0%,0.6088045756120476,3.2348028883848667,3.202454859501018,0.0104992503699149,0.2077359277644889,0.454546301726371,0.6098347286317103,0.2093646539063234,0.456584792864513,3.147289965436805,0.2066960523989871,0.4563517998383481,3.167239718285032,0.20803035315265522,0.4564682963514305,3.1572648418609184,0,3,1,1,2024,4,4,1,0.0103936541203118,0.0108604414069043,0.010627047763608049,0.010669195667712,0.008685438,0.2081941,0.42943844,0.49335944653258024
2024-01-05,1.5,15.0,atm-1.0%,0.6095040412298091,3.285054695121347,3.2522041481701334,0.0105637664785208,0.2042100302278609,0.4582139775968705,0.61051196204178,0.2077359277644889,0.454546301726371,3.2348028883848667,0.2093646539063234,0.456584792864513,3.147289965436805,0.2085502908354061,0.4555655472954419,3.1910464269108356,0,4,1,1,2024,5,5,1,0.0104992503699149,0.0103936541203118,0.01044645224511335,0.0108604414069043,0.008685438,0.2081941,0.42954618,0.48957631220357106
2024-01-08,1.5,15.0,atm-1.0%,0.608587826126517,3.275849194684124,3.2430907027372826,0.0105383899083303,0.2054325664462543,0.4578831240874945,0.6096201188954333,0.2042100302278609,0.4582139775968705,3.285054695121347,0.2077359277644889,0.454546301726371,3.2348028883848667,0.2059729789961749,0.45638013966162067,3.259928791753107,0,0,1,1,2024,8,8,2,0.0105637664785208,0.0104992503699149,0.01053150842421785,0.0103936541203118,0.008685438,0.2081941,0.42926666,0.49025027784685693
2024-01-09,1.5,15.0,atm-1.0%,0.6088403613145171,3.283461555932224,3.2506269403729013,0.0105877943882443,0.208538747949684,0.4531857150633964,0.6098917716139729,0.2054325664462543,0.4578831240874945,3.275849194684124,0.2042100302278609,0.4582139775968705,3.285054695121347,0.2048212983370576,0.45804855084218243,3.2804519449027354,0,1,1,1,2024,9,9,2,0.0105383899083303,0.0105637664785208,0.01055107819342555,0.0104992503699149,0.008685438,0.2081941,0.42943844,0.48968988483133125
2024-01-10,1.5,15.0,atm-1.0%,0.6263604017958115,3.2948217311189154,3.261873513807726,0.0109549647004936,0.2146077762377351,0.4572733672428467,0.6273711775802217,0.208538747949684,0.4531857150633964,3.283461555932224,0.2054325664462543,0.4578831240874945,3.275849194684124,0.20698565719796913,0.4555344195754454,3.279655375308174,0,2,1,1,2024,10,10,2,0.0105877943882443,0.0105383899083303,0.0105630921482873,0.0105637664785208,0.008685438,0.2081941,0.43005407,0.48887453640015777
2024-01-11,1.5,15.0,atm-1.0%,0.635964755200609,3.269692149865957,3.2369952283672974,0.0111436972171974,0.2221450913240856,0.4536863967177257,0.6369562433719589,0.2146077762377351,0.4572733672428467,3.2948217311189154,0.208538747949684,0.4531857150633964,3.283461555932224,0.21157326209370952,0.4552295411531214,3.2891416435255696,0,3,1,1,2024,11,11,2,0.0109549647004936,0.0105877943882443,0.01077137954436895,0.0105383899083303,0.008685438,0.2081941,0.42943844,0.4907199803722864
2024-01-12,1.5,15.0,atm-1.0%,0.645395422179567,3.267026939496517,3.234356670101552,0.0113301368284096,0.2255842199809035,0.4548278047223585,0.6463470446802784,0.2221450913240856,0.4536863967177257,3.269692149865957,0.2146077762377351,0.4572733672428467,3.2948217311189154,0.21837643378091032,0.4554798819802861,3.282256940492436,0,4,1,1,2024,12,12,2,0.0111436972171974,0.0109549647004936,0.011049330958845499,0.0105877943882443,0.008685438,0.2081941,0.4350575,0.4911934309261517
